Gender,Married,Dependents,Education,Self_Employed,ApplicantIncome,CoapplicantIncome,LoanAmount,Loan_Amount_Term,Credit_History,Property_Area,Loan_Status
Female,Yes,1,Not Graduate,No,5127.0,0.0,35.0,180.0,1.0,Semiurban,Y
Male,No,1,Not Graduate,No,5379.0,529.0,144.0,84.0,0.0,Semiurban,N
Female,No,1,Graduate,No,4912.0,0.0,81.0,360.0,1.0,Semiurban,Y
Male,Yes,0,Graduate,No,3411.0,0.0,54.0,120.0,1.0,Semiurban,N
Male,No,0,Not Graduate,No,3794.0,0.0,70.0,120.0,1.0,Rural,Y
Male,No,0,Graduate,No,6284.0,550.0,60.0,360.0,1.0,Semiurban,N
Male,Yes,0,Graduate,No,4773.0,560.0,77.0,360.0,1.0,Semiurban,Y
Male,Yes,0,Not Graduate,No,2816.0,0.0,21.0,360.0,1.0,Urban,N
Female,Yes,3,Graduate,nan,3538.0,1025.0,107.0,360.0,1.0,Urban,N
Female,Yes,2,Graduate,No,3559.0,0.0,53.0,180.0,1.0,Urban,N
Male,No,0,Graduate,No,4894.0,0.0,37.0,360.0,1.0,Urban,Y
Male,Yes,1,Graduate,No,5498.0,13.0,134.0,360.0,0.0,Urban,N
Male,No,0,Not Graduate,nan,5261.0,0.0,87.0,180.0,1.0,Rural,N
Male,Yes,0,Graduate,No,3624.0,2579.0,125.0,360.0,0.0,Urban,Y
Female,Yes,0,Graduate,No,5068.0,0.0,107.0,360.0,1.0,Semiurban,Y
Female,Yes,3,Graduate,No,2533.0,5530.0,153.0,360.0,1.0,Urban,Y
Female,Yes,0,Not Graduate,No,1187.0,0.0,20.0,360.0,1.0,Semiurban,Y
Female,No,1,Graduate,No,4881.0,3348.0,87.0,120.0,1.0,Semiurban,N
Female,Yes,3,Graduate,No,2194.0,0.0,20.0,360.0,1.0,Urban,N
Female,Yes,0,Not Graduate,No,3123.0,1101.0,74.0,360.0,1.0,Rural,N
Male,Yes,2,Graduate,nan,2742.0,48.0,20.0,360.0,1.0,Urban,N
Male,Yes,0,Not Graduate,No,6858.0,1776.0,107.0,360.0,0.0,Urban,N
Female,No,2,Graduate,No,2734.0,0.0,62.0,84.0,1.0,Semiurban,N
Male,Yes,2,Not Graduate,Yes,5742.0,903.0,153.0,84.0,1.0,Urban,Y
Male,Yes,2,Graduate,No,3915.0,0.0,84.0,360.0,1.0,Rural,Y
Female,Yes,3,Not Graduate,No,2693.0,0.0,24.0,360.0,1.0,Urban,N
Female,No,2,Not Graduate,No,2272.0,0.0,54.0,180.0,1.0,Urban,N
Female,No,3,Graduate,No,6286.0,0.0,49.0,60.0,1.0,Semiurban,N
Female,Yes,0,Graduate,No,6049.0,0.0,141.0,360.0,1.0,Rural,N
Female,Yes,1,Graduate,nan,7339.0,690.0,160.0,360.0,0.0,Rural,N
Female,Yes,0,Graduate,No,12446.0,0.0,304.0,360.0,1.0,Urban,N
Male,Yes,0,Not Graduate,No,5704.0,430.0,151.0,360.0,1.0,Semiurban,Y
Male,No,0,Not Graduate,No,5728.0,0.0,89.0,360.0,1.0,Semiurban,N
Male,No,2,Not Graduate,No,4676.0,0.0,53.0,360.0,1.0,Semiurban,N
Female,Yes,2,Graduate,No,5241.0,0.0,122.0,360.0,1.0,Urban,N
Male,Yes,0,Graduate,No,4171.0,241.0,50.0,120.0,1.0,Rural,Y
Male,No,3,Not Graduate,No,3176.0,1377.0,53.0,360.0,1.0,Semiurban,N
Male,No,0,Graduate,No,13452.0,2629.0,263.0,360.0,1.0,Urban,Y
Male,Yes,0,Not Graduate,nan,1956.0,5112.0,55.0,360.0,1.0,Urban,Y
Male,No,2,Graduate,No,5631.0,0.0,80.0,360.0,1.0,Urban,Y
Male,No,2,Graduate,Yes,6185.0,478.0,52.0,180.0,1.0,Rural,Y
Male,Yes,2,Graduate,No,5342.0,1968.0,103.0,360.0,1.0,Semiurban,N
Female,No,0,Graduate,No,3062.0,0.0,71.0,120.0,0.0,Semiurban,N
Male,No,0,Graduate,Yes,4498.0,7299.0,276.0,360.0,1.0,Rural,Y
Female,Yes,2,Graduate,No,3929.0,0.0,95.0,360.0,1.0,Urban,Y
Female,Yes,0,Not Graduate,No,2890.0,180.0,60.0,180.0,1.0,Rural,N
Male,Yes,2,Not Graduate,nan,4829.0,0.0,96.0,360.0,1.0,Urban,Y
Female,Yes,2,Graduate,No,4029.0,2287.0,86.0,60.0,1.0,Urban,N
Female,No,0,Graduate,Yes,3746.0,0.0,86.0,360.0,1.0,Urban,Y
Male,No,2,Graduate,No,6942.0,3798.0,83.0,84.0,1.0,Semiurban,Y
Male,No,0,Not Graduate,No,2903.0,2707.0,47.0,360.0,1.0,Urban,Y
Female,Yes,2,Graduate,No,6141.0,1384.0,55.0,360.0,0.0,Rural,Y
Male,Yes,1,Graduate,Yes,3630.0,0.0,48.0,360.0,0.0,Semiurban,N
Male,Yes,0,Graduate,No,6095.0,0.0,38.0,120.0,0.0,Semiurban,N
Male,No,1,Graduate,Yes,5094.0,2068.0,137.0,360.0,1.0,Urban,N
Male,Yes,1,Graduate,No,5548.0,0.0,48.0,180.0,0.0,Semiurban,N
Male,Yes,1,Graduate,No,3014.0,296.0,62.0,360.0,1.0,Semiurban,N
Male,No,0,Graduate,No,3337.0,434.0,61.0,60.0,1.0,Urban,N
Female,No,3,Not Graduate,No,3203.0,2535.0,108.0,120.0,1.0,Semiurban,Y
Female,Yes,3,Graduate,nan,5356.0,978.0,121.0,360.0,0.0,Rural,N
Female,Yes,0,Graduate,No,7129.0,964.0,168.0,360.0,0.0,Rural,N
Female,No,3,Graduate,Yes,8412.0,127.0,124.0,360.0,1.0,Urban,Y
Female,Yes,1,Graduate,nan,3820.0,564.0,72.0,360.0,0.0,Urban,N
Male,Yes,0,Graduate,No,5117.0,401.0,55.0,360.0,1.0,Rural,N
Male,Yes,2,Graduate,No,2186.0,2005.0,63.0,180.0,1.0,Semiurban,N
Male,No,0,Graduate,No,1620.0,0.0,20.0,120.0,1.0,Rural,Y
Male,Yes,2,Graduate,No,3179.0,3098.0,151.0,120.0,1.0,Rural,Y
Male,No,2,Not Graduate,No,4790.0,0.0,83.0,360.0,1.0,Urban,N
Female,Yes,1,Graduate,No,2255.0,3884.0,79.0,360.0,1.0,Rural,Y
Male,No,0,Not Graduate,No,2015.0,0.0,20.0,360.0,1.0,Semiurban,N
Female,Yes,2,Graduate,No,6385.0,3524.0,128.0,180.0,1.0,Semiurban,Y
Male,No,1,Graduate,No,3275.0,666.0,61.0,180.0,1.0,Rural,Y
Male,No,3,Graduate,No,2113.0,2409.0,66.0,84.0,0.0,Semiurban,N
Female,Yes,0,Graduate,No,15560.0,0.0,183.0,360.0,1.0,Rural,Y
Male,Yes,2,Graduate,No,5321.0,47.0,94.0,360.0,1.0,Urban,N
Male,Yes,2,Not Graduate,No,4165.0,661.0,63.0,360.0,1.0,Urban,Y
Female,Yes,0,Graduate,No,6841.0,363.0,95.0,360.0,1.0,Semiurban,Y
Female,Yes,0,Graduate,No,3339.0,852.0,24.0,360.0,1.0,Semiurban,Y
Female,Yes,0,Not Graduate,No,10760.0,0.0,181.0,360.0,1.0,Semiurban,N
Male,No,0,Graduate,No,4790.0,362.0,20.0,360.0,1.0,Semiurban,N
Male,Yes,0,Not Graduate,No,2538.0,285.0,63.0,360.0,1.0,Semiurban,N
Female,No,0,Not Graduate,No,4545.0,0.0,66.0,120.0,1.0,Rural,N
Female,No,0,Graduate,nan,3322.0,338.0,44.0,360.0,1.0,Semiurban,Y
Male,Yes,2,Graduate,Yes,9825.0,0.0,179.0,120.0,1.0,Rural,Y
Male,Yes,0,Not Graduate,No,2186.0,5036.0,164.0,120.0,1.0,Rural,N
Female,No,1,Graduate,No,3375.0,1292.0,39.0,360.0,1.0,Rural,Y
Female,Yes,0,Graduate,No,5468.0,9348.0,193.0,360.0,1.0,Urban,N
Male,Yes,0,Not Graduate,No,4790.0,0.0,157.0,360.0,1.0,Urban,N
Male,Yes,2,Graduate,No,7996.0,0.0,178.0,360.0,1.0,Semiurban,Y
Male,Yes,0,Graduate,nan,5755.0,974.0,86.0,180.0,1.0,Urban,Y
Male,No,1,Graduate,No,14540.0,0.0,178.0,360.0,1.0,Rural,Y
Male,Yes,0,Graduate,Yes,3825.0,878.0,100.0,360.0,1.0,Urban,N
Female,No,1,Graduate,No,5286.0,0.0,35.0,360.0,1.0,Semiurban,N
Female,No,2,Not Graduate,No,7419.0,0.0,55.0,360.0,1.0,Urban,Y
Male,No,0,Graduate,Yes,4134.0,924.0,83.0,360.0,1.0,Semiurban,N
Female,Yes,1,Graduate,No,4180.0,612.0,78.0,180.0,1.0,Rural,N
Male,Yes,1,Graduate,nan,3836.0,9077.0,212.0,360.0,1.0,Rural,Y
Male,Yes,0,Graduate,No,3506.0,1728.0,106.0,84.0,1.0,Urban,Y
Male,No,3,Graduate,Yes,2752.0,0.0,62.0,120.0,1.0,Semiurban,N
Male,Yes,0,Not Graduate,No,3663.0,2865.0,85.0,360.0,0.0,Semiurban,N
Female,Yes,0,Not Graduate,No,2231.0,0.0,26.0,360.0,1.0,Urban,Y
Female,Yes,2,Not Graduate,No,5831.0,0.0,128.0,360.0,0.0,Semiurban,Y
Male,No,2,Not Graduate,No,2182.0,0.0,22.0,360.0,0.0,Rural,N
Female,No,1,Graduate,No,13489.0,0.0,304.0,120.0,1.0,Rural,Y
Male,Yes,3,Graduate,No,11243.0,4494.0,301.0,360.0,1.0,Urban,Y
Male,No,0,Graduate,No,8356.0,43.0,184.0,60.0,1.0,Semiurban,Y
Female,Yes,1,Not Graduate,Yes,4335.0,0.0,79.0,360.0,1.0,Rural,Y
Female,Yes,2,Graduate,Yes,3593.0,40.0,26.0,360.0,1.0,Urban,N
Male,Yes,3,Graduate,nan,8857.0,0.0,171.0,360.0,1.0,Rural,Y
Female,Yes,1,Graduate,No,5265.0,5302.0,158.0,360.0,0.0,Rural,Y
Female,No,1,Graduate,nan,6356.0,0.0,55.0,360.0,1.0,Rural,N
Female,Yes,0,Graduate,No,3359.0,0.0,24.0,360.0,1.0,Urban,Y
Male,Yes,1,Graduate,No,8177.0,1586.0,100.0,360.0,1.0,Rural,N
Female,Yes,1,Graduate,No,3227.0,0.0,24.0,120.0,1.0,Rural,N
Male,Yes,3,Graduate,Yes,5068.0,179.0,40.0,360.0,1.0,Urban,Y
Female,Yes,2,Graduate,Yes,2029.0,3508.0,121.0,360.0,1.0,Semiurban,Y
Male,No,2,Graduate,No,3465.0,549.0,96.0,84.0,1.0,Urban,Y
Male,Yes,3,Not Graduate,Yes,6162.0,93.0,156.0,120.0,1.0,Semiurban,N
Male,Yes,0,Graduate,No,3835.0,0.0,62.0,360.0,1.0,Semiurban,Y
Male,Yes,2,Not Graduate,No,3842.0,0.0,63.0,360.0,1.0,Semiurban,Y
Male,No,0,Graduate,No,7107.0,19.0,44.0,60.0,1.0,Rural,Y
Female,Yes,2,Not Graduate,No,4625.0,728.0,39.0,360.0,1.0,Urban,Y
Female,Yes,0,Graduate,No,8903.0,4062.0,265.0,360.0,1.0,Urban,N
Female,Yes,0,Graduate,No,1439.0,0.0,24.0,360.0,1.0,Rural,Y
Female,No,2,Not Graduate,No,6363.0,0.0,104.0,360.0,1.0,Urban,Y
Male,Yes,0,Graduate,No,6170.0,0.0,124.0,360.0,1.0,Urban,Y
Male,No,0,Graduate,Yes,2221.0,0.0,47.0,360.0,1.0,Urban,Y
Male,Yes,0,Graduate,nan,2510.0,0.0,48.0,360.0,1.0,Rural,N
Male,Yes,2,Graduate,No,7420.0,118.0,39.0,360.0,1.0,Semiurban,N
Male,Yes,0,Graduate,nan,2816.0,207.0,48.0,120.0,1.0,Rural,N
Female,No,2,Graduate,Yes,3489.0,0.0,76.0,360.0,1.0,Semiurban,Y
Female,Yes,0,Graduate,Yes,6452.0,0.0,138.0,360.0,1.0,Rural,Y
Male,No,0,Graduate,Yes,4059.0,1065.0,123.0,120.0,1.0,Rural,Y
Male,Yes,1,Not Graduate,nan,6073.0,0.0,93.0,120.0,0.0,Rural,N
Female,Yes,1,Not Graduate,No,3108.0,0.0,48.0,180.0,1.0,Urban,Y
Male,No,2,Graduate,No,5551.0,0.0,30.0,360.0,1.0,Urban,N
Female,Yes,2,Graduate,No,8207.0,636.0,135.0,360.0,1.0,Semiurban,Y
Female,Yes,0,Graduate,Yes,5629.0,0.0,92.0,360.0,0.0,Semiurban,N
Female,No,2,Graduate,No,1605.0,3231.0,113.0,180.0,1.0,Rural,Y
Male,Yes,1,Graduate,No,6621.0,0.0,150.0,180.0,0.0,Rural,N
Female,Yes,0,Not Graduate,No,4927.0,255.0,32.0,360.0,1.0,Urban,N
Female,Yes,2,Not Graduate,No,3049.0,168.0,25.0,120.0,1.0,Urban,N
Male,Yes,2,Graduate,Yes,9577.0,0.0,121.0,360.0,1.0,Semiurban,Y
Male,Yes,0,Graduate,nan,2009.0,0.0,41.0,120.0,1.0,Semiurban,N
Male,No,3,Graduate,No,12168.0,3485.0,130.0,84.0,1.0,Urban,Y
Female,Yes,0,Graduate,No,3492.0,800.0,88.0,360.0,1.0,Urban,Y
Male,Yes,0,Not Graduate,No,10478.0,396.0,183.0,360.0,0.0,Urban,N
Male,Yes,2,Not Graduate,No,21866.22999999999,0.0,106.0,60.0,1.0,Urban,Y
Female,Yes,0,Not Graduate,No,2467.0,0.0,29.0,360.0,1.0,Urban,N
Female,No,1,Not Graduate,No,5016.0,1646.0,87.0,360.0,1.0,Urban,Y
Male,Yes,0,Graduate,No,5644.0,544.0,38.0,360.0,1.0,Urban,N
Male,No,0,Graduate,No,6266.0,0.0,96.0,120.0,1.0,Urban,Y
Female,No,2,Not Graduate,No,8114.0,1996.0,207.0,360.0,1.0,Urban,Y
Female,Yes,2,Graduate,No,3061.0,0.0,47.0,360.0,1.0,Urban,Y
Female,Yes,0,Graduate,No,4790.0,0.0,94.0,360.0,1.0,Urban,N
Female,Yes,0,Graduate,No,6903.0,0.0,161.0,360.0,1.0,Semiurban,N
Male,No,2,Graduate,No,4178.0,0.0,85.0,360.0,1.0,Rural,N
Male,Yes,3,Graduate,nan,3001.0,4678.0,87.0,120.0,1.0,Rural,N
Male,No,2,Graduate,No,2971.0,1477.0,106.0,360.0,1.0,Semiurban,N
Male,No,1,Graduate,nan,6946.0,0.0,135.0,360.0,1.0,Urban,Y
Male,No,0,Graduate,Yes,7120.0,0.0,78.0,360.0,1.0,Urban,N
Female,Yes,0,Not Graduate,No,3165.0,152.0,31.0,360.0,1.0,Semiurban,N
Male,No,0,Graduate,No,2456.0,0.0,45.0,180.0,1.0,Semiurban,Y
Male,No,0,Graduate,No,8861.0,0.0,134.0,360.0,1.0,Semiurban,Y
Female,Yes,0,Not Graduate,No,2207.0,557.0,47.0,360.0,1.0,Semiurban,N
Female,Yes,0,Graduate,No,5177.0,1393.0,50.0,360.0,1.0,Semiurban,N
Female,No,0,Graduate,No,3202.0,0.0,65.0,120.0,1.0,Rural,Y
Female,Yes,0,Graduate,No,1995.0,0.0,44.0,360.0,1.0,Urban,N
Male,No,0,Graduate,nan,5086.0,1320.0,86.0,360.0,1.0,Urban,N
Female,No,1,Graduate,No,4349.0,637.0,55.0,180.0,1.0,Urban,N
Female,No,1,Graduate,No,9786.0,0.0,240.0,360.0,1.0,Semiurban,Y
Female,Yes,3,Graduate,No,14809.0,2886.0,433.0,360.0,1.0,Semiurban,Y
Female,Yes,2,Graduate,No,4353.0,0.0,33.0,360.0,1.0,Urban,Y
Male,Yes,1,Graduate,No,7963.0,1639.0,152.0,84.0,1.0,Urban,Y
Male,Yes,2,Graduate,No,8041.0,6084.0,194.0,360.0,1.0,Semiurban,Y
Male,No,0,Graduate,No,3684.0,0.0,79.0,180.0,1.0,Urban,N
Female,Yes,2,Graduate,nan,3105.0,845.0,61.0,360.0,1.0,Urban,Y
Male,No,0,Graduate,nan,10653.0,936.0,213.0,180.0,1.0,Urban,Y
Female,Yes,1,Graduate,No,3985.0,794.0,59.0,360.0,1.0,Rural,Y
Male,No,3,Not Graduate,No,4719.0,0.0,53.0,360.0,1.0,Urban,Y
Female,No,1,Graduate,No,4135.0,185.0,96.0,120.0,1.0,Semiurban,Y
Male,Yes,1,Graduate,No,4473.0,0.0,81.0,360.0,1.0,Urban,N
Male,No,2,Graduate,No,3538.0,654.0,79.0,60.0,1.0,Semiurban,N
Female,No,0,Graduate,nan,6936.0,1360.0,67.0,360.0,0.0,Urban,N
Female,Yes,2,Not Graduate,No,8928.0,0.0,113.0,360.0,1.0,Urban,Y
Male,Yes,0,Graduate,No,3969.0,0.0,94.0,120.0,1.0,Rural,Y
Male,Yes,0,Not Graduate,No,2405.0,64.0,53.0,360.0,1.0,Semiurban,N
Male,No,0,Graduate,nan,4901.0,475.0,49.0,360.0,1.0,Urban,Y
Male,Yes,0,Graduate,No,2280.0,0.0,39.0,360.0,0.0,Rural,N
Male,Yes,3,Not Graduate,nan,3476.0,0.0,20.0,360.0,1.0,Rural,N
Male,Yes,0,Graduate,Yes,8816.0,0.0,204.0,60.0,0.0,Urban,N
Female,No,0,Not Graduate,Yes,15168.0,0.0,362.0,60.0,0.0,Semiurban,N
Male,Yes,1,Graduate,No,5762.0,0.0,54.0,120.0,1.0,Semiurban,N
Female,No,2,Graduate,No,2813.0,1530.0,51.0,360.0,1.0,Urban,Y
Male,Yes,2,Graduate,No,7045.0,4737.0,130.0,120.0,1.0,Semiurban,Y
Female,No,0,Not Graduate,Yes,1563.0,0.0,20.0,180.0,1.0,Urban,N
Male,Yes,0,Not Graduate,No,3382.0,0.0,63.0,360.0,1.0,Rural,N
Male,Yes,2,Graduate,No,10198.0,895.0,139.0,180.0,1.0,Urban,Y
Female,No,0,Graduate,No,6924.0,0.0,35.0,360.0,1.0,Rural,N
Female,Yes,0,Graduate,No,2405.0,1600.0,38.0,360.0,1.0,Urban,N
Male,Yes,0,Graduate,No,2089.0,3907.0,109.0,360.0,1.0,Urban,Y
Female,No,0,Not Graduate,No,7313.0,418.0,147.0,360.0,1.0,Urban,N
Female,Yes,3,Graduate,No,4667.0,1092.0,31.0,360.0,1.0,Rural,Y
Male,No,2,Graduate,No,3557.0,0.0,57.0,120.0,1.0,Rural,Y
Female,Yes,1,Graduate,No,5867.0,0.0,104.0,180.0,1.0,Urban,Y
Male,Yes,1,Not Graduate,No,3591.0,0.0,64.0,360.0,1.0,Semiurban,N
Male,Yes,1,Graduate,No,1837.0,1535.0,61.0,360.0,1.0,Urban,Y
Female,Yes,1,Not Graduate,No,7146.0,0.0,147.0,360.0,1.0,Semiurban,N
Male,No,0,Graduate,No,3462.0,0.0,41.0,360.0,1.0,Urban,Y
Male,Yes,0,Graduate,No,2901.0,0.0,64.0,360.0,1.0,Rural,Y
Male,Yes,0,Not Graduate,No,4790.0,0.0,34.0,360.0,1.0,Urban,N
Male,No,2,Graduate,Yes,5412.0,1050.0,40.0,84.0,1.0,Rural,Y
Male,Yes,1,Graduate,No,3202.0,0.0,58.0,360.0,1.0,Urban,N
Female,No,2,Graduate,No,6519.0,0.0,77.0,360.0,1.0,Semiurban,N
Female,No,0,Graduate,Yes,4184.0,0.0,74.0,180.0,1.0,Semiurban,Y
Male,Yes,3,Graduate,No,8182.0,74.0,103.0,360.0,1.0,Semiurban,N
Male,Yes,0,Graduate,No,3943.0,0.0,59.0,360.0,1.0,Semiurban,Y
Female,No,3,Not Graduate,No,3452.0,0.0,56.0,120.0,1.0,Semiurban,N
Male,No,1,Graduate,No,1794.0,5507.0,140.0,360.0,1.0,Urban,N
Female,Yes,1,Graduate,No,2767.0,0.0,79.0,84.0,1.0,Urban,Y
Male,No,2,Not Graduate,No,6839.0,445.0,134.0,360.0,0.0,Rural,N
Male,Yes,1,Not Graduate,No,21853.0,1087.0,222.0,120.0,1.0,Urban,Y
Female,Yes,1,Not Graduate,No,2564.0,931.0,73.0,120.0,1.0,Urban,Y
Female,No,0,Graduate,No,2852.0,4634.0,72.0,120.0,1.0,Urban,Y
Female,Yes,1,Graduate,No,5655.0,0.0,36.0,360.0,1.0,Semiurban,Y
Male,No,0,Graduate,No,6061.0,0.0,79.0,360.0,1.0,Rural,N
Female,Yes,0,Graduate,No,3413.0,221.0,62.0,360.0,1.0,Semiurban,Y
Female,Yes,0,Graduate,No,4971.0,0.0,57.0,360.0,1.0,Urban,Y
Male,No,0,Graduate,No,2148.0,1399.0,58.0,360.0,1.0,Urban,Y
Male,Yes,0,Graduate,No,4122.0,94.0,47.0,360.0,0.0,Urban,N
Male,Yes,2,Graduate,No,7483.0,0.0,103.0,360.0,1.0,Urban,N
Female,Yes,0,Graduate,No,10779.0,616.0,255.0,360.0,1.0,Urban,N
Male,No,0,Not Graduate,No,4398.0,0.0,103.0,360.0,1.0,Urban,N
Male,No,3,Graduate,No,4203.0,0.0,25.0,120.0,1.0,Rural,N
Male,No,0,Graduate,No,5988.0,0.0,143.0,360.0,1.0,Urban,Y
Male,Yes,1,Not Graduate,No,8293.0,1627.0,150.0,360.0,1.0,Semiurban,Y
Female,Yes,0,Graduate,No,6093.0,249.0,126.0,360.0,1.0,Urban,N
Male,Yes,0,Not Graduate,No,4790.0,0.0,78.0,180.0,1.0,Urban,Y
Female,Yes,0,Graduate,No,5710.0,0.0,50.0,120.0,1.0,Rural,Y
Female,No,2,Graduate,No,7739.0,175.0,100.0,360.0,1.0,Urban,Y
Male,No,0,Graduate,No,3355.0,792.0,94.0,360.0,1.0,Urban,N
Male,No,2,Not Graduate,No,2460.0,6.0,38.0,360.0,1.0,Rural,N
Female,No,3,Graduate,No,6161.0,0.0,141.0,360.0,1.0,Urban,Y
Female,Yes,1,Graduate,No,5739.0,391.0,133.0,180.0,1.0,Urban,N
Male,Yes,0,Graduate,Yes,7736.0,0.0,193.0,360.0,1.0,Rural,N
Male,Yes,0,Graduate,No,5000.0,0.0,91.0,360.0,1.0,Urban,N
Male,Yes,0,Graduate,No,3472.0,4328.0,49.0,360.0,1.0,Rural,N
Female,No,0,Graduate,No,3850.0,362.0,97.0,180.0,1.0,Urban,N
Male,Yes,2,Graduate,No,2868.0,0.0,25.0,360.0,1.0,Semiurban,N
Male,Yes,0,Not Graduate,nan,4790.0,0.0,24.0,360.0,1.0,Urban,N
Male,Yes,2,Graduate,Yes,3620.0,659.0,53.0,360.0,1.0,Urban,N
Female,No,1,Graduate,Yes,3764.0,1637.0,49.0,360.0,1.0,Rural,Y
Male,No,0,Not Graduate,No,8333.0,1759.0,79.0,360.0,1.0,Rural,Y
Male,No,0,Graduate,nan,2601.0,0.0,46.0,360.0,1.0,Urban,Y
Male,Yes,2,Graduate,Yes,4676.0,0.0,108.0,180.0,1.0,Semiurban,N
Female,Yes,1,Not Graduate,No,3573.0,0.0,37.0,360.0,1.0,Urban,Y
Male,No,0,Not Graduate,Yes,10040.0,735.0,134.0,360.0,1.0,Urban,N
Female,Yes,2,Graduate,No,5458.0,0.0,97.0,360.0,1.0,Urban,N
Female,No,0,Not Graduate,Yes,3979.0,570.0,50.0,180.0,1.0,Semiurban,Y
Male,Yes,0,Graduate,No,7186.0,6375.0,202.0,360.0,1.0,Semiurban,Y
Male,Yes,0,Graduate,No,4955.0,148.0,119.0,180.0,1.0,Semiurban,N
Female,Yes,1,Graduate,No,3783.0,1500.0,39.0,180.0,1.0,Rural,Y
Male,No,0,Graduate,No,10286.0,0.0,161.0,360.0,1.0,Urban,N
Male,Yes,0,Not Graduate,Yes,6828.0,0.0,63.0,360.0,1.0,Urban,N
Male,Yes,2,Graduate,No,11334.0,0.0,232.0,120.0,1.0,Urban,N
Male,Yes,1,Graduate,No,8527.0,0.0,78.0,84.0,1.0,Semiurban,Y
Female,Yes,1,Not Graduate,No,7054.0,943.0,170.0,360.0,1.0,Rural,N
Male,Yes,2,Graduate,No,5124.0,0.0,67.0,360.0,1.0,Semiurban,Y
Male,No,1,Not Graduate,No,2799.0,0.0,66.0,360.0,1.0,Semiurban,N
Male,No,0,Graduate,No,6830.0,0.0,84.0,180.0,0.0,Rural,N
Female,Yes,1,Not Graduate,No,4977.0,0.0,74.0,360.0,1.0,Rural,N
Male,No,0,Not Graduate,No,6718.0,0.0,48.0,60.0,1.0,Semiurban,Y
Male,Yes,0,Graduate,No,4783.0,0.0,50.0,180.0,1.0,Semiurban,N
Male,No,0,Graduate,No,3409.0,0.0,45.0,360.0,1.0,Urban,Y
Male,Yes,0,Graduate,No,2913.0,0.0,67.0,180.0,1.0,Semiurban,N
Female,Yes,0,Graduate,No,6803.0,0.0,114.0,360.0,1.0,Semiurban,Y
Male,Yes,1,Graduate,Yes,9134.0,0.0,194.0,360.0,1.0,Semiurban,N
Female,Yes,2,Not Graduate,No,4165.0,8025.0,269.0,360.0,1.0,Urban,Y
Female,Yes,0,Graduate,Yes,6025.0,84.0,42.0,360.0,0.0,Rural,N
Male,Yes,0,Graduate,No,9562.0,0.0,79.0,360.0,1.0,Urban,N
Female,Yes,0,Graduate,Yes,3176.0,617.0,82.0,360.0,1.0,Rural,N
Male,Yes,1,Graduate,No,4060.0,477.0,91.0,360.0,0.0,Rural,N
Male,Yes,1,Graduate,Yes,2757.0,0.0,45.0,360.0,1.0,Urban,N
Female,No,3,Not Graduate,No,8641.0,0.0,113.0,360.0,1.0,Rural,Y
Female,No,0,Graduate,Yes,5480.0,3170.0,130.0,360.0,1.0,Semiurban,Y
Male,Yes,3,Graduate,No,3825.0,0.0,20.0,360.0,1.0,Semiurban,N
Male,Yes,3,Graduate,No,2113.0,427.0,20.0,360.0,1.0,Urban,N
Female,Yes,0,Graduate,No,4401.0,0.0,53.0,120.0,1.0,Urban,Y
Female,Yes,2,Graduate,No,7901.0,1196.0,71.0,360.0,1.0,Urban,N
Male,No,2,Graduate,No,4156.0,403.0,44.0,360.0,1.0,Semiurban,N
Male,Yes,1,Graduate,No,3899.0,0.0,82.0,360.0,0.0,Semiurban,N
Male,No,0,Not Graduate,No,6619.0,100.0,137.0,360.0,1.0,Semiurban,Y
Female,No,1,Not Graduate,Yes,2610.0,0.0,51.0,360.0,1.0,Semiurban,Y
Female,Yes,2,Graduate,No,4942.0,0.0,81.0,360.0,1.0,Urban,N
Female,Yes,0,Graduate,Yes,6483.0,0.0,152.0,360.0,1.0,Urban,Y
Female,No,0,Graduate,No,4790.0,1085.0,42.0,360.0,1.0,Rural,N
Female,Yes,0,Graduate,Yes,3191.0,0.0,56.0,360.0,0.0,Rural,Y
Male,No,2,Graduate,No,5449.0,339.0,78.0,60.0,0.0,Urban,N
Female,Yes,2,Graduate,No,4587.0,248.0,79.0,180.0,1.0,Semiurban,Y
Male,Yes,0,Not Graduate,No,4286.0,0.0,51.0,120.0,0.0,Urban,N
Female,Yes,2,Graduate,No,5342.0,35.0,53.0,84.0,1.0,Rural,Y
Male,No,1,Not Graduate,No,5383.0,0.0,110.0,360.0,0.0,Urban,N
Female,Yes,0,Not Graduate,No,3045.0,410.0,73.0,360.0,1.0,Rural,N
Female,No,1,Not Graduate,No,3463.0,0.0,67.0,360.0,1.0,Rural,N
Female,Yes,1,Not Graduate,No,6025.0,665.0,138.0,360.0,1.0,Urban,N
Male,No,0,Graduate,No,8414.0,0.0,74.0,180.0,1.0,Semiurban,N
Male,Yes,1,Not Graduate,nan,9445.0,0.0,161.0,360.0,1.0,Urban,Y
Male,Yes,3,Graduate,No,3168.0,407.0,56.0,360.0,1.0,Semiurban,N
Male,Yes,1,Graduate,No,8304.0,0.0,193.0,360.0,1.0,Semiurban,Y
Male,No,1,Not Graduate,No,7030.0,0.0,91.0,84.0,1.0,Rural,N
Female,No,0,Graduate,Yes,4754.0,1460.0,62.0,360.0,0.0,Semiurban,N
Male,Yes,0,Graduate,Yes,6150.0,0.0,69.0,360.0,1.0,Rural,Y
Female,No,2,Graduate,No,7286.0,0.0,111.0,180.0,1.0,Semiurban,Y
Female,No,2,Graduate,nan,4790.0,0.0,79.0,84.0,1.0,Urban,Y
Male,No,2,Graduate,Yes,2861.0,2003.0,92.0,360.0,1.0,Rural,N
Male,No,1,Graduate,Yes,6507.0,2828.0,79.0,360.0,1.0,Urban,N
Female,Yes,1,Graduate,Yes,4507.0,0.0,65.0,60.0,1.0,Rural,Y
Male,Yes,1,Not Graduate,No,4360.0,1098.0,79.0,360.0,1.0,Rural,N
Male,Yes,2,Graduate,Yes,8534.0,0.0,202.0,120.0,1.0,Rural,Y
Female,Yes,0,Not Graduate,No,7251.0,444.0,108.0,360.0,1.0,Semiurban,Y
Female,No,0,Graduate,No,2922.0,841.0,28.0,60.0,0.0,Semiurban,N
Male,Yes,0,Graduate,Yes,4200.0,489.0,97.0,360.0,1.0,Rural,N
Female,Yes,1,Not Graduate,No,5411.0,0.0,49.0,120.0,1.0,Semiurban,Y
Male,No,0,Graduate,No,2400.0,0.0,31.0,84.0,1.0,Rural,Y
Female,No,0,Not Graduate,No,7419.0,0.0,128.0,360.0,0.0,Rural,N
Male,No,0,Graduate,No,4659.0,1388.0,131.0,360.0,1.0,Rural,N
Male,No,0,Graduate,No,5241.0,0.0,27.0,360.0,1.0,Semiurban,N
Female,Yes,2,Graduate,No,5711.0,0.0,103.0,360.0,1.0,Semiurban,N
Male,No,2,Graduate,Yes,11840.0,628.0,96.0,360.0,1.0,Urban,Y
Male,No,2,Graduate,No,4925.0,0.0,87.0,84.0,1.0,Urban,N
Female,Yes,0,Graduate,No,4053.0,8444.0,214.0,360.0,1.0,Urban,Y
Male,Yes,0,Not Graduate,No,11449.0,1747.0,202.0,360.0,1.0,Semiurban,Y
Female,Yes,0,Graduate,No,21866.22999999999,1627.0,73.0,360.0,1.0,Urban,Y
Male,No,2,Graduate,No,3731.0,0.0,59.0,360.0,1.0,Rural,Y
Female,Yes,1,Graduate,No,2435.0,0.0,59.0,120.0,1.0,Urban,N
Male,Yes,1,Graduate,nan,8264.0,0.0,100.0,360.0,1.0,Urban,N
Female,Yes,0,Graduate,No,5537.0,501.0,87.0,360.0,1.0,Rural,N
Male,No,0,Graduate,No,6112.0,0.0,49.0,360.0,0.0,Semiurban,N
Female,No,1,Not Graduate,No,5255.0,0.0,67.0,60.0,1.0,Urban,N
Male,No,0,Graduate,Yes,4528.0,1666.0,37.0,180.0,1.0,Rural,N
Male,Yes,0,Graduate,Yes,3282.0,0.0,76.0,60.0,1.0,Urban,N
Male,Yes,0,Not Graduate,No,3290.0,0.0,39.0,360.0,1.0,Rural,N
Female,Yes,1,Graduate,No,21866.22999999999,0.0,142.0,360.0,1.0,Urban,Y
Female,Yes,0,Not Graduate,Yes,5149.0,484.0,43.0,180.0,1.0,Rural,Y
Male,No,1,Not Graduate,No,10857.0,0.0,198.0,360.0,1.0,Semiurban,N
Female,No,0,Graduate,No,3325.0,1143.0,76.0,360.0,1.0,Rural,Y
Male,No,2,Graduate,No,3806.0,6016.0,179.0,360.0,1.0,Urban,N
Female,No,0,Not Graduate,No,2924.0,0.0,61.0,360.0,1.0,Rural,Y
Male,Yes,0,Graduate,No,9580.0,0.0,62.0,180.0,1.0,Urban,N
Male,Yes,3,Graduate,No,2633.0,0.0,52.0,180.0,1.0,Semiurban,Y
Male,Yes,2,Not Graduate,No,7097.0,6034.0,73.0,180.0,1.0,Semiurban,Y
Male,Yes,2,Graduate,No,4790.0,538.0,115.0,360.0,1.0,Semiurban,N
Male,No,0,Graduate,nan,4521.0,847.0,118.0,180.0,1.0,Semiurban,N
Female,Yes,2,Not Graduate,Yes,6936.0,0.0,114.0,84.0,1.0,Semiurban,Y
Male,No,0,Graduate,No,1692.0,446.0,50.0,360.0,1.0,Urban,N
Male,Yes,3,Graduate,No,4004.0,0.0,89.0,360.0,1.0,Urban,N
Male,Yes,2,Graduate,Yes,2135.0,0.0,29.0,60.0,1.0,Semiurban,Y
Female,No,1,Graduate,No,5278.0,495.0,61.0,120.0,1.0,Semiurban,N
Male,No,2,Not Graduate,nan,4870.0,0.0,44.0,360.0,1.0,Semiurban,Y
Female,No,1,Graduate,No,3315.0,1975.0,31.0,180.0,0.0,Semiurban,N
Male,No,2,Graduate,No,7735.0,175.0,153.0,360.0,1.0,Rural,N
Female,Yes,0,Not Graduate,nan,5781.0,0.0,122.0,360.0,1.0,Urban,Y
Male,Yes,3,Graduate,No,3744.0,3483.0,43.0,360.0,0.0,Rural,N
Female,No,2,Graduate,nan,3764.0,0.0,56.0,360.0,1.0,Urban,Y
Female,No,0,Graduate,No,2345.0,2932.0,114.0,360.0,1.0,Semiurban,N
Female,Yes,0,Graduate,No,4425.0,126.0,81.0,360.0,1.0,Rural,Y
Male,No,1,Graduate,No,13828.0,4292.0,242.0,120.0,1.0,Urban,Y
Female,Yes,2,Not Graduate,No,3414.0,1293.0,113.0,360.0,0.0,Rural,N
Male,Yes,0,Graduate,Yes,5973.0,445.0,86.0,360.0,1.0,Urban,Y
Male,No,3,Not Graduate,No,3699.0,1655.0,60.0,360.0,1.0,Urban,Y
Male,No,0,Graduate,No,7218.0,27.0,108.0,180.0,1.0,Semiurban,Y
Male,No,3,Not Graduate,Yes,6030.0,0.0,72.0,120.0,1.0,Semiurban,N
Female,No,2,Not Graduate,No,4324.0,1053.0,69.0,360.0,1.0,Urban,Y
Female,Yes,0,Graduate,No,2010.0,345.0,35.0,60.0,0.0,Rural,Y
Male,No,0,Graduate,No,3764.0,1059.0,32.0,360.0,1.0,Urban,N
Female,Yes,0,Graduate,No,8781.0,0.0,150.0,360.0,1.0,Urban,Y
Male,Yes,0,Graduate,nan,4302.0,1398.0,95.0,360.0,1.0,Urban,Y
Female,Yes,1,Graduate,No,6623.0,0.0,127.0,360.0,1.0,Urban,N
Female,Yes,2,Not Graduate,Yes,3827.0,1548.0,53.0,120.0,0.0,Urban,N
Female,Yes,3,Graduate,No,1930.0,1224.0,20.0,120.0,1.0,Urban,Y
Male,Yes,0,Graduate,No,5992.0,1762.0,149.0,360.0,1.0,Urban,Y
Male,Yes,3,Graduate,nan,5686.0,0.0,70.0,360.0,1.0,Urban,Y
Female,Yes,0,Not Graduate,No,3647.0,20000.0,401.0,84.0,1.0,Semiurban,Y
Male,Yes,3,Graduate,No,4042.0,0.0,42.0,360.0,1.0,Urban,Y
Male,Yes,3,Graduate,No,5602.0,702.0,79.0,360.0,1.0,Semiurban,Y
Female,Yes,0,Not Graduate,No,3622.0,0.0,37.0,360.0,1.0,Semiurban,Y
Male,Yes,2,Graduate,No,5760.0,0.0,86.0,360.0,1.0,Urban,N
Female,No,2,Not Graduate,No,4391.0,92.0,80.0,360.0,1.0,Urban,N
Male,No,2,Graduate,No,1514.0,2657.0,40.0,120.0,1.0,Urban,Y
Female,Yes,2,Not Graduate,No,4522.0,0.0,51.0,180.0,1.0,Rural,Y
Female,No,1,Not Graduate,No,3615.0,949.0,65.0,360.0,1.0,Semiurban,N
Male,Yes,1,Not Graduate,nan,3211.0,167.0,64.0,84.0,1.0,Urban,Y
Female,No,0,Graduate,No,5925.0,2449.0,104.0,360.0,1.0,Urban,N
Female,No,2,Graduate,No,3815.0,0.0,24.0,120.0,1.0,Rural,Y
Male,Yes,3,Graduate,No,6342.0,0.0,98.0,360.0,1.0,Semiurban,N
Male,No,0,Not Graduate,No,8338.0,0.0,117.0,360.0,1.0,Semiurban,N
Female,No,2,Graduate,No,5214.0,0.0,130.0,120.0,1.0,Rural,Y
Male,No,0,Graduate,No,2261.0,0.0,38.0,180.0,1.0,Urban,Y
Female,No,0,Graduate,No,3385.0,0.0,20.0,360.0,1.0,Semiurban,Y
Female,Yes,0,Not Graduate,No,7629.0,0.0,136.0,360.0,1.0,Urban,Y
Male,Yes,1,Graduate,No,4276.0,1939.0,41.0,360.0,1.0,Semiurban,Y
Female,No,0,Graduate,No,3262.0,0.0,41.0,360.0,1.0,Urban,N
Male,Yes,0,Graduate,No,4648.0,0.0,27.0,120.0,1.0,Semiurban,N
Female,No,0,Not Graduate,No,6233.0,860.0,121.0,360.0,0.0,Urban,N
Male,No,0,Graduate,No,5525.0,1616.0,60.0,360.0,1.0,Urban,N
Female,Yes,2,Graduate,nan,6689.0,31.0,161.0,120.0,1.0,Semiurban,N
Female,Yes,0,Not Graduate,No,3234.0,345.0,32.0,360.0,1.0,Rural,N
Male,No,0,Graduate,No,4245.0,2070.0,154.0,360.0,0.0,Urban,N
Male,Yes,1,Not Graduate,No,4293.0,1937.0,145.0,180.0,1.0,Urban,Y
Male,No,0,Graduate,No,4811.0,477.0,81.0,120.0,1.0,Urban,N
Female,Yes,0,Graduate,No,1726.0,0.0,25.0,360.0,1.0,Semiurban,N
Female,No,3,Graduate,No,4327.0,0.0,79.0,360.0,1.0,Rural,N
Female,Yes,3,Graduate,Yes,2506.0,0.0,50.0,360.0,1.0,Urban,N
Male,No,2,Graduate,No,9669.0,0.0,85.0,360.0,1.0,Urban,Y
Male,No,0,Graduate,No,10497.0,0.0,127.0,360.0,1.0,Urban,Y
Female,No,2,Graduate,No,11166.0,0.0,69.0,180.0,1.0,Rural,Y
Male,Yes,0,Not Graduate,No,7261.0,4566.0,160.0,360.0,1.0,Urban,N
Male,Yes,0,Graduate,No,21866.22999999999,0.0,34.0,360.0,1.0,Urban,Y
Female,No,0,Graduate,No,7819.0,179.0,187.0,360.0,1.0,Rural,N
Male,Yes,3,Graduate,No,4408.0,0.0,62.0,360.0,1.0,Rural,N
Female,No,2,Graduate,Yes,6585.0,8657.0,144.0,180.0,1.0,Rural,Y
Female,Yes,0,Graduate,No,3116.0,0.0,33.0,360.0,1.0,Urban,N
Male,Yes,0,Graduate,No,3642.0,959.0,39.0,360.0,1.0,Semiurban,N
Female,No,3,Graduate,No,6127.0,1242.0,50.0,360.0,1.0,Semiurban,Y
Male,No,3,Graduate,No,11693.0,0.0,71.0,360.0,1.0,Rural,Y
Female,No,1,Not Graduate,No,4810.0,0.0,79.0,60.0,1.0,Rural,Y
Female,Yes,0,Not Graduate,No,14836.0,3474.0,130.0,360.0,1.0,Urban,N
Male,Yes,1,Graduate,No,19017.0,0.0,415.0,360.0,1.0,Semiurban,Y
Female,No,1,Not Graduate,nan,2585.0,0.0,63.0,360.0,1.0,Rural,N
Female,Yes,0,Graduate,No,21866.22999999999,1358.0,144.0,180.0,1.0,Semiurban,Y
Female,No,0,Graduate,No,3043.0,0.0,26.0,360.0,1.0,Semiurban,Y
Male,Yes,0,Not Graduate,No,4549.0,0.0,95.0,180.0,1.0,Rural,N
Female,Yes,0,Graduate,No,3742.0,830.0,77.0,360.0,1.0,Rural,N
Female,Yes,0,Graduate,Yes,4714.0,115.0,115.0,360.0,1.0,Rural,N
Female,No,0,Graduate,No,7850.0,1673.0,79.0,360.0,1.0,Semiurban,Y
Male,No,3,Not Graduate,Yes,7753.0,6225.0,239.0,360.0,1.0,Urban,Y
Female,No,0,Graduate,No,5542.0,0.0,96.0,360.0,1.0,Urban,N
Female,No,2,Graduate,No,4881.0,861.0,50.0,360.0,1.0,Urban,Y
Female,Yes,2,Graduate,Yes,5169.0,0.0,88.0,180.0,1.0,Semiurban,Y
Male,No,0,Graduate,No,5191.0,3148.0,163.0,180.0,1.0,Rural,Y
Female,Yes,1,Graduate,No,6475.0,0.0,137.0,360.0,1.0,Rural,Y
Male,No,0,Graduate,No,4889.0,0.0,108.0,360.0,1.0,Rural,Y
Male,Yes,1,Graduate,Yes,6252.0,0.0,35.0,120.0,1.0,Urban,Y
Male,No,2,Graduate,No,2553.0,0.0,51.0,360.0,1.0,Urban,Y
Male,Yes,2,Graduate,nan,7218.0,0.0,83.0,360.0,1.0,Urban,Y
Female,Yes,0,Not Graduate,No,11570.0,2139.0,278.0,180.0,0.0,Semiurban,N
Female,Yes,3,Graduate,No,5341.0,0.0,43.0,60.0,1.0,Rural,N
Female,Yes,2,Not Graduate,No,2425.0,0.0,30.0,180.0,1.0,Rural,N
Female,Yes,1,Graduate,No,9513.0,0.0,125.0,360.0,1.0,Semiurban,Y
Male,No,1,Graduate,No,4146.0,0.0,78.0,60.0,1.0,Urban,N
Female,Yes,0,Graduate,No,1113.0,0.0,20.0,360.0,1.0,Rural,Y
Female,Yes,3,Graduate,Yes,4380.0,1466.0,124.0,360.0,1.0,Rural,Y
Male,Yes,1,Graduate,Yes,6583.0,0.0,34.0,180.0,1.0,Rural,Y
Female,No,2,Graduate,No,5901.0,2569.0,91.0,84.0,1.0,Urban,N
Female,Yes,0,Not Graduate,Yes,9013.0,73.0,179.0,360.0,1.0,Urban,Y
Male,Yes,3,Graduate,No,6635.0,1507.0,80.0,120.0,1.0,Semiurban,N
Female,Yes,0,Graduate,No,5191.0,0.0,114.0,360.0,1.0,Rural,Y
Male,Yes,1,Not Graduate,No,1837.0,147.0,22.0,360.0,1.0,Urban,Y
Female,Yes,0,Graduate,nan,2814.0,100.0,53.0,360.0,1.0,Semiurban,N
Male,Yes,0,Graduate,No,5335.0,0.0,33.0,180.0,1.0,Urban,N
Female,Yes,2,Not Graduate,Yes,6825.0,0.0,159.0,360.0,1.0,Urban,N
Female,Yes,0,Graduate,No,2938.0,0.0,21.0,180.0,1.0,Urban,Y
Female,No,0,Graduate,No,3607.0,6407.0,132.0,360.0,1.0,Rural,Y
Male,No,0,Not Graduate,No,6160.0,2916.0,116.0,360.0,1.0,Semiurban,Y
Male,Yes,2,Graduate,No,1899.0,0.0,21.0,120.0,1.0,Semiurban,N
Male,No,0,Graduate,No,1864.0,2176.0,64.0,360.0,1.0,Semiurban,N
Male,Yes,0,Not Graduate,No,4358.0,0.0,68.0,360.0,1.0,Urban,N
Female,No,2,Graduate,No,5532.0,0.0,116.0,360.0,1.0,Rural,N
Male,Yes,1,Not Graduate,Yes,3853.0,1328.0,127.0,360.0,1.0,Semiurban,Y
Female,Yes,2,Not Graduate,No,1570.0,2149.0,78.0,360.0,1.0,Urban,N
Male,Yes,3,Not Graduate,nan,4940.0,0.0,96.0,360.0,1.0,Semiurban,Y
Male,No,0,Graduate,nan,2531.0,298.0,25.0,360.0,1.0,Rural,Y
Male,Yes,1,Graduate,No,6749.0,811.0,70.0,360.0,0.0,Urban,N
Female,Yes,2,Not Graduate,nan,4646.0,0.0,24.0,360.0,1.0,Rural,N
Female,Yes,2,Not Graduate,No,5567.0,840.0,44.0,360.0,0.0,Urban,N
Female,No,2,Graduate,No,6708.0,494.0,149.0,360.0,1.0,Urban,N
Female,No,0,Graduate,No,3764.0,7.0,23.0,360.0,1.0,Rural,N
Female,Yes,0,Graduate,No,7355.0,0.0,76.0,360.0,1.0,Rural,N
Male,No,2,Graduate,No,9037.0,0.0,114.0,120.0,1.0,Urban,N
Male,No,1,Graduate,No,5944.0,2419.0,68.0,120.0,1.0,Semiurban,N
Male,No,0,Graduate,Yes,9432.0,0.0,111.0,60.0,1.0,Semiurban,N
Male,Yes,0,Graduate,No,3582.0,0.0,36.0,120.0,1.0,Urban,N
Male,Yes,1,Graduate,No,7687.0,0.0,101.0,360.0,1.0,Rural,N
Female,No,0,Graduate,No,5581.0,0.0,48.0,360.0,1.0,Semiurban,Y
Male,No,2,Graduate,No,2998.0,1624.0,25.0,360.0,1.0,Urban,Y
Male,Yes,0,Graduate,No,4700.0,0.0,109.0,360.0,1.0,Semiurban,Y
Male,Yes,2,Graduate,Yes,3758.0,0.0,75.0,60.0,1.0,Semiurban,N
Female,Yes,0,Not Graduate,No,3717.0,433.0,85.0,360.0,1.0,Semiurban,N
Female,No,0,Graduate,No,5100.0,0.0,51.0,84.0,1.0,Semiurban,Y
Male,Yes,0,Graduate,No,4790.0,0.0,197.0,60.0,1.0,Semiurban,Y
Male,No,2,Graduate,Yes,4176.0,0.0,90.0,60.0,1.0,Urban,N
Male,Yes,1,Not Graduate,No,5198.0,0.0,68.0,360.0,1.0,Urban,N
Male,No,0,Not Graduate,No,2363.0,0.0,25.0,360.0,1.0,Urban,N
Female,No,3,Graduate,Yes,5152.0,1264.0,134.0,60.0,0.0,Semiurban,N
Female,Yes,1,Graduate,No,8650.0,0.0,47.0,360.0,1.0,Semiurban,N
Male,Yes,0,Graduate,Yes,7297.0,3467.0,177.0,180.0,1.0,Rural,Y
Male,Yes,2,Graduate,Yes,6181.0,701.0,154.0,360.0,1.0,Rural,Y
Male,No,0,Not Graduate,No,3765.0,399.0,97.0,360.0,1.0,Urban,Y
Female,Yes,3,Not Graduate,No,3016.0,0.0,71.0,360.0,0.0,Urban,N
Male,Yes,0,Graduate,No,4665.0,1183.0,79.0,180.0,1.0,Semiurban,Y
Male,Yes,3,Not Graduate,Yes,2520.0,632.0,20.0,360.0,1.0,Semiurban,N
Male,Yes,0,Graduate,No,2653.0,355.0,36.0,120.0,1.0,Rural,Y
Male,Yes,2,Graduate,No,7792.0,0.0,81.0,360.0,1.0,Semiurban,N
Female,Yes,0,Graduate,No,3103.0,1442.0,75.0,360.0,1.0,Urban,Y
Female,No,0,Graduate,No,11890.0,0.0,232.0,360.0,1.0,Semiurban,Y
Female,Yes,1,Graduate,No,2409.0,0.0,79.0,360.0,1.0,Urban,Y
Male,No,0,Not Graduate,No,6047.0,457.0,74.0,120.0,1.0,Semiurban,Y
Female,Yes,0,Not Graduate,Yes,2736.0,0.0,34.0,60.0,1.0,Urban,Y
Male,Yes,0,Not Graduate,nan,5328.0,0.0,36.0,180.0,1.0,Semiurban,N
Male,No,2,Not Graduate,Yes,2920.0,0.0,63.0,360.0,1.0,Semiurban,N
Female,No,0,Not Graduate,Yes,4987.0,227.0,78.0,120.0,1.0,Semiurban,Y
Female,No,0,Graduate,No,4523.0,0.0,44.0,360.0,1.0,Semiurban,Y
Male,Yes,0,Not Graduate,No,3908.0,0.0,59.0,360.0,1.0,Semiurban,N
Female,Yes,0,Graduate,No,6297.0,148.0,95.0,360.0,1.0,Semiurban,N
Male,No,3,Graduate,No,10317.0,657.0,234.0,360.0,1.0,Urban,N
Male,No,1,Graduate,No,3646.0,0.0,35.0,360.0,1.0,Rural,Y
Male,Yes,1,Not Graduate,No,7572.0,0.0,115.0,360.0,1.0,Semiurban,N
Female,Yes,2,Not Graduate,Yes,5096.0,0.0,71.0,84.0,1.0,Semiurban,N
Male,Yes,2,Graduate,No,4814.0,0.0,34.0,360.0,1.0,Urban,N
Female,Yes,0,Not Graduate,No,14476.0,0.0,112.0,360.0,1.0,Urban,Y
Male,Yes,0,Not Graduate,No,1668.0,0.0,20.0,360.0,0.0,Rural,N
Female,Yes,0,Graduate,nan,3488.0,0.0,48.0,360.0,1.0,Rural,Y
Male,Yes,0,Graduate,No,1993.0,2007.0,64.0,360.0,1.0,Rural,Y
Female,No,0,Graduate,No,4184.0,7431.0,231.0,60.0,1.0,Semiurban,Y
Female,No,3,Graduate,No,21866.22999999999,836.0,121.0,360.0,1.0,Rural,Y
Female,No,1,Not Graduate,No,21866.22999999999,0.0,220.0,360.0,1.0,Rural,Y
Male,Yes,0,Not Graduate,No,5801.0,124.0,145.0,180.0,1.0,Semiurban,Y
Female,No,0,Graduate,Yes,11890.0,0.0,158.0,360.0,0.0,Rural,N
Male,Yes,2,Graduate,No,9296.0,0.0,192.0,360.0,1.0,Rural,N
Male,Yes,1,Graduate,No,3929.0,1106.0,59.0,360.0,1.0,Urban,Y
Male,No,0,Graduate,Yes,6195.0,0.0,79.0,360.0,1.0,Urban,N
Male,Yes,3,Graduate,No,11169.0,0.0,209.0,360.0,1.0,Semiurban,Y
Male,No,3,Graduate,No,5324.0,960.0,34.0,360.0,1.0,Semiurban,N
Female,Yes,3,Graduate,No,5419.0,637.0,136.0,360.0,0.0,Semiurban,N
Female,No,2,Graduate,No,6268.0,0.0,37.0,360.0,1.0,Semiurban,Y
Male,No,1,Graduate,No,2319.0,0.0,34.0,360.0,1.0,Rural,N
Male,Yes,0,Not Graduate,No,3268.0,101.0,31.0,360.0,1.0,Rural,Y
Male,Yes,1,Graduate,No,5772.0,0.0,97.0,60.0,1.0,Urban,Y
Female,No,0,Graduate,No,6402.0,891.0,63.0,360.0,1.0,Urban,Y
Female,Yes,1,Not Graduate,nan,3099.0,0.0,53.0,360.0,1.0,Rural,Y
Female,Yes,0,Graduate,No,4162.0,603.0,97.0,360.0,1.0,Rural,Y
Female,Yes,0,Graduate,No,4597.0,0.0,78.0,180.0,1.0,Urban,Y
Female,No,2,Graduate,Yes,4532.0,9696.0,310.0,84.0,1.0,Semiurban,Y
Female,Yes,0,Not Graduate,Yes,6887.0,858.0,98.0,360.0,1.0,Urban,Y
Female,Yes,1,Graduate,No,5148.0,0.0,95.0,360.0,1.0,Semiurban,Y
Male,No,2,Graduate,Yes,5302.0,2181.0,104.0,180.0,1.0,Rural,Y
Male,Yes,2,Graduate,No,2423.0,0.0,56.0,360.0,1.0,Urban,Y
Male,No,1,Graduate,No,21866.22999999999,1558.0,31.0,360.0,1.0,Rural,Y
Female,Yes,2,Not Graduate,No,5726.0,0.0,128.0,84.0,1.0,Semiurban,Y
Male,No,1,Graduate,No,2215.0,0.0,20.0,60.0,1.0,Rural,N
Male,Yes,3,Not Graduate,No,4790.0,1810.0,163.0,360.0,1.0,Rural,Y
Female,Yes,2,Graduate,No,3517.0,0.0,24.0,360.0,1.0,Urban,N
Male,Yes,0,Not Graduate,nan,3263.0,0.0,79.0,84.0,1.0,Semiurban,Y
Male,Yes,0,Graduate,Yes,6727.0,674.0,52.0,360.0,0.0,Rural,Y
Male,Yes,0,Graduate,No,3488.0,0.0,72.0,360.0,1.0,Urban,N
Male,Yes,0,Graduate,No,3188.0,0.0,30.0,180.0,1.0,Semiurban,N
Female,No,0,Graduate,No,3490.0,6208.0,62.0,360.0,1.0,Urban,Y
Male,No,2,Graduate,No,5018.0,5077.0,226.0,360.0,1.0,Urban,Y
Male,No,0,Graduate,No,19047.0,0.0,315.0,84.0,1.0,Urban,N
Male,No,0,Graduate,No,1704.0,0.0,37.0,360.0,1.0,Urban,N
Female,Yes,2,Graduate,Yes,4827.0,823.0,118.0,360.0,1.0,Rural,Y
Male,No,0,Graduate,No,4323.0,356.0,32.0,360.0,1.0,Urban,Y
Female,Yes,0,Graduate,No,7813.0,495.0,58.0,360.0,1.0,Semiurban,N
Male,Yes,3,Not Graduate,No,4053.0,312.0,84.0,360.0,1.0,Semiurban,Y
Male,No,2,Graduate,Yes,1429.0,0.0,31.0,360.0,1.0,Semiurban,Y
Female,Yes,0,Not Graduate,No,9400.0,798.0,88.0,360.0,1.0,Rural,N
Male,Yes,0,Not Graduate,No,2833.0,0.0,64.0,360.0,1.0,Semiurban,N
Female,Yes,0,Graduate,No,4724.0,10949.0,87.0,180.0,1.0,Rural,Y
Male,No,3,Not Graduate,No,2467.0,0.0,50.0,180.0,1.0,Urban,Y
Male,Yes,2,Graduate,No,2825.0,0.0,50.0,120.0,1.0,Semiurban,Y
Male,Yes,0,Graduate,No,3801.0,0.0,48.0,360.0,1.0,Urban,N
Male,No,2,Not Graduate,No,7443.0,0.0,94.0,360.0,1.0,Rural,Y
Female,Yes,0,Not Graduate,No,7388.0,655.0,90.0,360.0,1.0,Semiurban,Y
Male,No,2,Graduate,No,3612.0,1206.0,70.0,360.0,1.0,Urban,N
Female,Yes,0,Not Graduate,No,6235.0,0.0,94.0,360.0,1.0,Rural,Y
Male,No,0,Graduate,No,4038.0,61.0,79.0,360.0,1.0,Semiurban,N
Female,Yes,0,Graduate,No,5136.0,0.0,27.0,84.0,1.0,Semiurban,Y
Female,No,0,Graduate,Yes,5245.0,2333.0,118.0,360.0,0.0,Urban,N
Female,No,2,Graduate,No,21866.22999999999,480.0,62.0,360.0,1.0,Rural,Y
Male,No,2,Graduate,No,3577.0,0.0,25.0,180.0,1.0,Semiurban,N
Female,Yes,1,Graduate,No,4546.0,0.0,46.0,60.0,1.0,Rural,Y
Male,Yes,2,Graduate,No,5408.0,0.0,43.0,360.0,1.0,Urban,N
Male,Yes,0,Not Graduate,Yes,5075.0,0.0,113.0,120.0,1.0,Semiurban,N
Male,Yes,0,Not Graduate,No,3265.0,0.0,35.0,360.0,1.0,Urban,N
Male,Yes,2,Graduate,No,11410.0,0.0,205.0,360.0,1.0,Semiurban,Y
Male,Yes,3,Graduate,No,3858.0,759.0,24.0,360.0,1.0,Semiurban,Y
Female,No,0,Graduate,No,7065.0,0.0,129.0,120.0,1.0,Rural,Y
Female,No,2,Graduate,No,5366.0,267.0,136.0,360.0,0.0,Rural,N
Female,Yes,3,Graduate,No,8895.0,2930.0,238.0,360.0,1.0,Urban,N
Female,No,3,Not Graduate,No,1638.0,0.0,33.0,360.0,1.0,Rural,N
Female,Yes,0,Graduate,No,13428.0,4642.0,241.0,360.0,1.0,Urban,Y
Female,Yes,1,Not Graduate,No,4360.0,1863.0,91.0,360.0,1.0,Urban,Y
Female,Yes,0,Not Graduate,No,2629.0,303.0,68.0,360.0,1.0,Urban,N
Female,Yes,0,Graduate,No,5167.0,0.0,50.0,360.0,1.0,Urban,Y
Male,Yes,0,Graduate,Yes,14871.0,0.0,225.0,120.0,1.0,Rural,Y
Female,No,0,Graduate,Yes,6229.0,0.0,122.0,180.0,1.0,Semiurban,N
Male,Yes,0,Graduate,No,2628.0,0.0,31.0,360.0,1.0,Urban,Y
Female,Yes,2,Not Graduate,No,4790.0,8205.0,174.0,180.0,1.0,Rural,N
Female,Yes,1,Graduate,No,9404.0,5368.0,84.0,360.0,1.0,Rural,Y
Male,No,2,Graduate,No,2411.0,0.0,45.0,360.0,1.0,Semiurban,Y
Male,No,0,Not Graduate,No,4428.0,369.0,40.0,360.0,1.0,Semiurban,N
Female,No,0,Graduate,No,4184.0,0.0,43.0,360.0,1.0,Rural,Y
Male,Yes,1,Graduate,No,14212.0,191.0,137.0,360.0,1.0,Urban,Y
Male,Yes,3,Graduate,No,4189.0,0.0,81.0,360.0,1.0,Rural,Y
Male,Yes,0,Graduate,No,9300.0,0.0,121.0,180.0,1.0,Urban,N
Male,Yes,0,Not Graduate,Yes,3458.0,705.0,104.0,120.0,1.0,Urban,N
Male,No,1,Graduate,No,3248.0,725.0,83.0,120.0,1.0,Rural,N
Male,No,3,Graduate,No,7973.0,0.0,187.0,360.0,1.0,Urban,Y
Female,No,2,Not Graduate,No,6596.0,81.0,125.0,120.0,1.0,Urban,N
Male,Yes,2,Graduate,Yes,2052.0,0.0,20.0,84.0,1.0,Semiurban,Y
Male,Yes,0,Not Graduate,No,6652.0,992.0,88.0,360.0,1.0,Urban,Y
Female,Yes,0,Graduate,No,6662.0,174.0,84.0,84.0,1.0,Semiurban,Y
Male,No,2,Graduate,No,3568.0,0.0,32.0,360.0,1.0,Urban,Y
Male,No,2,Graduate,No,5399.0,2097.0,107.0,360.0,1.0,Urban,N
Male,Yes,2,Not Graduate,No,5532.0,0.0,115.0,360.0,0.0,Semiurban,N
Female,Yes,0,Graduate,No,3801.0,0.0,59.0,360.0,1.0,Semiurban,N
Male,No,0,Graduate,No,3619.0,0.0,30.0,360.0,1.0,Urban,Y
Male,Yes,0,Graduate,No,3467.0,876.0,85.0,360.0,1.0,Rural,N
Female,Yes,2,Graduate,nan,4228.0,0.0,103.0,60.0,1.0,Semiurban,N
Female,Yes,3,Graduate,Yes,2500.0,460.0,43.0,360.0,1.0,Urban,N
Male,Yes,0,Graduate,nan,4736.0,0.0,37.0,60.0,1.0,Rural,Y
Male,Yes,2,Not Graduate,Yes,2302.0,4588.0,135.0,360.0,1.0,Semiurban,N
Female,Yes,0,Graduate,Yes,5020.0,2037.0,111.0,360.0,1.0,Urban,Y
Male,No,0,Graduate,No,4637.0,0.0,98.0,360.0,1.0,Urban,N
Female,No,1,Graduate,No,2892.0,8278.0,191.0,360.0,1.0,Urban,Y
Male,Yes,0,Graduate,No,7384.0,5083.0,280.0,120.0,1.0,Urban,N
Male,Yes,0,Not Graduate,No,12648.0,1965.0,77.0,360.0,1.0,Urban,Y
Male,No,0,Graduate,nan,9335.0,0.0,168.0,360.0,1.0,Urban,N
Female,No,0,Not Graduate,No,2454.0,0.0,42.0,120.0,1.0,Urban,Y
Male,Yes,1,Graduate,Yes,9098.0,0.0,187.0,360.0,1.0,Semiurban,N
Female,Yes,0,Not Graduate,No,5389.0,0.0,51.0,360.0,1.0,Urban,Y
Male,No,2,Not Graduate,No,4709.0,28.0,79.0,120.0,1.0,Urban,N
Male,No,0,Graduate,Yes,3597.0,0.0,37.0,180.0,1.0,Urban,N
Male,Yes,0,Not Graduate,No,4790.0,0.0,97.0,360.0,1.0,Urban,N
Female,Yes,1,Not Graduate,Yes,9630.0,5406.0,99.0,120.0,1.0,Urban,Y
Female,No,0,Graduate,No,6332.0,0.0,52.0,360.0,1.0,Semiurban,Y
Male,Yes,0,Graduate,No,3935.0,13.0,94.0,120.0,1.0,Rural,N
Female,No,1,Graduate,nan,3466.0,1588.0,100.0,120.0,1.0,Rural,Y
Female,No,1,Graduate,No,3931.0,0.0,39.0,84.0,1.0,Semiurban,N
Male,Yes,2,Not Graduate,Yes,6465.0,2607.0,102.0,360.0,1.0,Rural,N
Male,Yes,2,Not Graduate,No,12202.0,2667.0,203.0,180.0,0.0,Rural,N
Female,Yes,0,Graduate,No,2859.0,270.0,30.0,360.0,1.0,Semiurban,Y
Female,Yes,2,Graduate,No,4827.0,0.0,38.0,120.0,0.0,Rural,N
Female,Yes,1,Graduate,Yes,3991.0,142.0,101.0,360.0,0.0,Urban,N
Male,Yes,1,Graduate,No,3326.0,0.0,31.0,120.0,1.0,Semiurban,Y
Female,Yes,0,Graduate,No,5886.0,4778.0,213.0,60.0,0.0,Semiurban,N
Female,Yes,0,Not Graduate,Yes,6351.0,0.0,123.0,360.0,1.0,Semiurban,N
Male,Yes,1,Not Graduate,No,2392.0,0.0,47.0,360.0,1.0,Semiurban,N
Male,Yes,2,Not Graduate,No,2891.0,0.0,32.0,360.0,0.0,Urban,N
Female,Yes,2,Graduate,Yes,8738.0,1600.0,98.0,120.0,1.0,Rural,N
Female,Yes,0,Not Graduate,nan,5655.0,5521.0,194.0,360.0,1.0,Urban,Y
Male,No,2,Not Graduate,No,6258.0,0.0,156.0,120.0,1.0,Semiurban,N
Female,Yes,1,Graduate,No,3768.0,0.0,48.0,360.0,1.0,Semiurban,N
Male,Yes,1,Graduate,nan,4001.0,0.0,37.0,360.0,1.0,Rural,Y
Female,No,2,Graduate,No,6065.0,0.0,92.0,120.0,1.0,Urban,Y
Male,Yes,0,Not Graduate,No,3776.0,810.0,40.0,360.0,1.0,Semiurban,N
Male,Yes,3,Graduate,No,2787.0,0.0,33.0,360.0,0.0,Urban,N
Male,Yes,2,Not Graduate,No,4832.0,454.0,104.0,360.0,1.0,Urban,N
Male,Yes,2,Graduate,Yes,7566.0,169.0,76.0,360.0,1.0,Urban,N
Male,Yes,0,Graduate,No,2899.0,0.0,40.0,360.0,1.0,Semiurban,N
Male,Yes,1,Graduate,No,8157.0,2388.0,188.0,360.0,0.0,Urban,N
Male,Yes,0,Not Graduate,Yes,6840.0,0.0,56.0,360.0,0.0,Rural,N
Male,No,2,Not Graduate,No,3150.0,2071.0,41.0,360.0,1.0,Urban,Y
Male,Yes,2,Graduate,No,4849.0,951.0,141.0,360.0,1.0,Urban,N
Female,No,0,Graduate,No,4732.0,118.0,108.0,360.0,1.0,Urban,N
Male,Yes,2,Graduate,No,6613.0,0.0,79.0,360.0,1.0,Urban,Y
Female,Yes,1,Graduate,No,6721.0,3134.0,162.0,360.0,1.0,Rural,Y
Female,Yes,0,Not Graduate,No,2534.0,0.0,38.0,360.0,1.0,Rural,Y
Male,Yes,3,Not Graduate,No,2478.0,161.0,20.0,84.0,1.0,Rural,Y
Female,Yes,0,Not Graduate,No,8044.0,0.0,79.0,360.0,1.0,Urban,Y
Female,Yes,0,Graduate,No,5110.0,7449.0,91.0,360.0,1.0,Rural,N
Male,Yes,0,Graduate,No,5940.0,42.0,94.0,84.0,1.0,Urban,N
Male,No,2,Not Graduate,No,5700.0,324.0,83.0,360.0,1.0,Urban,N
Male,Yes,0,Graduate,No,10315.0,0.0,87.0,60.0,1.0,Semiurban,Y
Female,Yes,1,Graduate,No,2658.0,0.0,20.0,360.0,1.0,Urban,Y
Male,Yes,0,Not Graduate,nan,4790.0,0.0,137.0,360.0,1.0,Urban,N
Male,Yes,1,Graduate,No,3222.0,0.0,25.0,360.0,1.0,Rural,N
Female,Yes,0,Not Graduate,No,6927.0,0.0,36.0,60.0,1.0,Urban,N
Male,No,2,Not Graduate,Yes,9383.0,0.0,79.0,360.0,1.0,Rural,N
Male,No,1,Not Graduate,No,2437.0,0.0,51.0,84.0,1.0,Semiurban,N
Male,No,2,Not Graduate,No,5898.0,0.0,107.0,360.0,1.0,Urban,N
Female,No,0,Not Graduate,No,4212.0,1776.0,92.0,180.0,0.0,Semiurban,N
Male,No,0,Not Graduate,No,4185.0,114.0,41.0,360.0,1.0,Urban,N
Female,Yes,2,Graduate,No,4935.0,0.0,71.0,180.0,1.0,Urban,N
Male,Yes,3,Graduate,No,2872.0,1817.0,24.0,360.0,1.0,Urban,Y
Male,Yes,1,Not Graduate,No,3000.0,1583.0,53.0,60.0,1.0,Semiurban,N
Male,Yes,3,Not Graduate,No,6689.0,0.0,98.0,360.0,1.0,Urban,Y
Female,Yes,2,Graduate,Yes,7339.0,37.0,50.0,360.0,1.0,Urban,Y
Female,Yes,1,Graduate,No,3649.0,1829.0,91.0,360.0,1.0,Rural,N
Female,Yes,0,Graduate,No,2352.0,1163.0,49.0,360.0,1.0,Rural,Y
Male,Yes,0,Graduate,No,15188.0,0.0,92.0,360.0,1.0,Semiurban,Y
Male,No,0,Not Graduate,Yes,8321.0,0.0,66.0,180.0,1.0,Urban,N
Male,Yes,0,Not Graduate,No,5772.0,560.0,94.0,360.0,1.0,Semiurban,N
Male,Yes,0,Graduate,No,2904.0,3411.0,145.0,360.0,1.0,Semiurban,Y
Male,Yes,1,Graduate,No,3623.0,0.0,22.0,360.0,1.0,Semiurban,Y
Female,Yes,0,Graduate,No,5447.0,0.0,88.0,360.0,1.0,Urban,N
Female,No,0,Graduate,No,3006.0,1297.0,46.0,180.0,1.0,Urban,Y
Female,No,0,Graduate,No,10667.0,0.0,136.0,84.0,1.0,Semiurban,Y
Female,Yes,1,Graduate,No,5169.0,3158.0,195.0,360.0,1.0,Urban,Y
Male,Yes,2,Graduate,No,5866.0,2600.0,149.0,360.0,1.0,Rural,N
Female,No,1,Not Graduate,No,2906.0,0.0,31.0,360.0,1.0,Semiurban,N
Female,No,1,Graduate,No,3087.0,10077.0,185.0,120.0,0.0,Semiurban,N
Female,Yes,1,Not Graduate,Yes,3274.0,0.0,81.0,180.0,1.0,Rural,Y
Male,Yes,0,Graduate,No,5538.0,0.0,124.0,360.0,0.0,Semiurban,N
Female,Yes,0,Graduate,No,4238.0,258.0,61.0,360.0,1.0,Urban,N
Male,Yes,2,Not Graduate,No,4190.0,0.0,65.0,180.0,1.0,Urban,Y
Female,Yes,3,Graduate,No,5645.0,1637.0,103.0,120.0,1.0,Rural,Y
Female,Yes,0,Not Graduate,No,5400.0,484.0,47.0,360.0,1.0,Urban,Y
Male,Yes,0,Not Graduate,No,10044.0,4746.0,360.0,180.0,0.0,Urban,N
Female,Yes,3,Not Graduate,No,4385.0,1244.0,54.0,180.0,1.0,Semiurban,N
Male,Yes,2,Graduate,No,2932.0,0.0,79.0,60.0,0.0,Rural,N
Male,Yes,1,Graduate,No,4804.0,20000.0,179.0,360.0,1.0,Rural,N
Female,Yes,2,Graduate,No,9941.0,0.0,237.0,360.0,1.0,Semiurban,N
Female,No,1,Not Graduate,No,3678.0,0.0,86.0,360.0,1.0,Semiurban,Y
Male,Yes,3,Graduate,Yes,4950.0,152.0,91.0,360.0,1.0,Urban,Y
Male,Yes,0,Graduate,No,4051.0,0.0,63.0,180.0,1.0,Urban,N
Male,No,0,Not Graduate,No,5899.0,719.0,110.0,360.0,0.0,Semiurban,N
Female,No,1,Graduate,No,5484.0,727.0,77.0,84.0,1.0,Urban,N
Female,Yes,0,Graduate,No,3242.0,0.0,74.0,360.0,1.0,Rural,N
Female,No,2,Graduate,No,4319.0,0.0,70.0,180.0,1.0,Urban,Y
Male,No,0,Graduate,nan,7682.0,0.0,170.0,360.0,1.0,Urban,N
Male,Yes,2,Graduate,No,8286.0,374.0,164.0,180.0,1.0,Rural,Y
Female,Yes,2,Not Graduate,Yes,7611.0,0.0,141.0,360.0,0.0,Urban,N
Male,No,0,Not Graduate,No,7389.0,0.0,136.0,360.0,0.0,Semiurban,N
Male,No,3,Graduate,No,4103.0,637.0,97.0,360.0,1.0,Urban,Y
Male,Yes,1,Not Graduate,No,4041.0,584.0,98.0,360.0,1.0,Rural,Y
Male,No,2,Not Graduate,No,7635.0,0.0,142.0,360.0,1.0,Urban,Y
Female,Yes,0,Not Graduate,No,2715.0,0.0,31.0,120.0,0.0,Semiurban,N
Male,Yes,0,Not Graduate,No,4698.0,0.0,48.0,84.0,1.0,Rural,N
Male,Yes,2,Graduate,Yes,1940.0,0.0,20.0,180.0,1.0,Urban,Y
Male,Yes,3,Graduate,No,4011.0,3313.0,162.0,360.0,1.0,Urban,Y
Female,Yes,1,Not Graduate,Yes,3416.0,0.0,50.0,120.0,1.0,Urban,N
Female,No,3,Graduate,No,2673.0,0.0,20.0,180.0,1.0,Urban,N
Male,No,0,Graduate,No,6427.0,0.0,109.0,120.0,1.0,Rural,Y
Male,No,2,Graduate,No,3368.0,4568.0,177.0,360.0,1.0,Semiurban,Y
Female,Yes,2,Graduate,No,4036.0,1515.0,130.0,360.0,1.0,Rural,N
Female,No,1,Graduate,No,4259.0,171.0,105.0,360.0,1.0,Semiurban,N
Female,Yes,0,Graduate,nan,3367.0,0.0,75.0,360.0,1.0,Semiurban,N
Male,Yes,2,Graduate,Yes,9725.0,0.0,83.0,360.0,1.0,Urban,Y
Male,Yes,0,Not Graduate,No,3793.0,0.0,58.0,360.0,1.0,Urban,Y
Male,Yes,1,Graduate,No,5326.0,4178.0,182.0,60.0,1.0,Rural,N
Female,Yes,1,Graduate,No,2545.0,865.0,61.0,360.0,0.0,Rural,N
Female,Yes,1,Not Graduate,No,3832.0,0.0,47.0,360.0,1.0,Semiurban,Y
Male,No,0,Not Graduate,No,4125.0,294.0,25.0,360.0,1.0,Rural,N
Male,Yes,0,Not Graduate,No,4158.0,20000.0,552.0,360.0,1.0,Semiurban,Y
Male,No,0,Graduate,Yes,3629.0,0.0,79.0,180.0,1.0,Urban,N
Female,No,2,Graduate,No,5188.0,0.0,116.0,360.0,1.0,Urban,Y
Male,No,0,Not Graduate,No,10398.0,0.0,79.0,360.0,1.0,Semiurban,Y
Male,Yes,0,Not Graduate,No,4531.0,0.0,45.0,360.0,1.0,Rural,N
Male,No,0,Graduate,No,4516.0,0.0,99.0,360.0,1.0,Rural,Y
Female,No,1,Graduate,No,3992.0,845.0,88.0,360.0,1.0,Urban,Y
Female,No,1,Graduate,Yes,16803.0,0.0,308.0,360.0,1.0,Urban,Y
Female,Yes,2,Graduate,Yes,10680.0,6338.0,97.0,360.0,1.0,Urban,N
Male,No,2,Not Graduate,No,6358.0,654.0,50.0,180.0,1.0,Urban,N
Male,No,3,Graduate,Yes,6835.0,205.0,144.0,180.0,1.0,Rural,Y
Male,Yes,2,Not Graduate,nan,3413.0,0.0,77.0,360.0,1.0,Urban,N
Male,Yes,0,Not Graduate,No,4487.0,3196.0,93.0,360.0,1.0,Rural,Y
Male,No,0,Graduate,nan,5364.0,0.0,79.0,180.0,1.0,Urban,Y
Male,No,3,Graduate,No,5129.0,0.0,44.0,360.0,1.0,Rural,N
Female,Yes,0,Graduate,Yes,3177.0,0.0,53.0,360.0,1.0,Semiurban,Y
Male,Yes,1,Graduate,Yes,3299.0,1025.0,52.0,360.0,1.0,Rural,Y
Female,Yes,0,Graduate,No,6230.0,6770.0,204.0,360.0,1.0,Semiurban,Y
Male,No,2,Graduate,No,5640.0,0.0,50.0,360.0,0.0,Rural,Y
Male,Yes,0,Not Graduate,Yes,1720.0,5756.0,95.0,360.0,1.0,Urban,N
Male,Yes,0,Not Graduate,nan,5062.0,0.0,72.0,360.0,1.0,Urban,N
Female,Yes,0,Graduate,nan,9028.0,1473.0,174.0,360.0,1.0,Urban,N
Male,Yes,2,Graduate,No,3526.0,0.0,32.0,360.0,1.0,Rural,N
Male,Yes,1,Not Graduate,No,5444.0,3162.0,147.0,360.0,1.0,Rural,Y
Female,No,1,Graduate,No,2371.0,137.0,23.0,60.0,0.0,Semiurban,N
Male,Yes,0,Graduate,No,7280.0,0.0,179.0,120.0,1.0,Semiurban,N
Male,No,0,Graduate,No,2801.0,0.0,28.0,360.0,1.0,Urban,N
Female,Yes,2,Not Graduate,Yes,2619.0,0.0,20.0,60.0,0.0,Rural,N
Male,Yes,2,Graduate,Yes,4143.0,1537.0,59.0,360.0,1.0,Semiurban,Y
Female,No,2,Graduate,No,15475.0,5251.0,339.0,360.0,1.0,Semiurban,Y
Male,No,3,Graduate,No,3587.0,2500.0,85.0,360.0,1.0,Rural,Y
Male,Yes,1,Not Graduate,Yes,2606.0,0.0,47.0,180.0,1.0,Urban,N
Male,Yes,0,Graduate,No,6069.0,2573.0,62.0,60.0,1.0,Semiurban,Y
Female,Yes,1,Graduate,No,5415.0,1954.0,98.0,180.0,1.0,Semiurban,N
Female,Yes,0,Graduate,No,10913.0,135.0,178.0,360.0,1.0,Rural,Y
Male,No,1,Not Graduate,No,2598.0,0.0,64.0,360.0,1.0,Urban,Y
Female,No,0,Graduate,No,2215.0,0.0,50.0,84.0,1.0,Semiurban,Y
Female,No,1,Graduate,No,4147.0,0.0,68.0,180.0,1.0,Rural,N
Male,No,3,Graduate,No,5828.0,0.0,64.0,360.0,1.0,Semiurban,N
Female,Yes,2,Graduate,No,5767.0,0.0,42.0,360.0,1.0,Urban,Y
Female,Yes,0,Not Graduate,No,8239.0,0.0,145.0,84.0,1.0,Rural,N
Male,No,2,Graduate,No,2327.0,3154.0,89.0,360.0,1.0,Urban,Y
Female,No,2,Graduate,No,3230.0,0.0,47.0,360.0,1.0,Urban,Y
Male,Yes,2,Graduate,No,4538.0,1475.0,117.0,360.0,1.0,Rural,N
Male,Yes,1,Graduate,Yes,7306.0,0.0,105.0,60.0,1.0,Semiurban,Y
Male,Yes,2,Graduate,No,6113.0,0.0,126.0,360.0,1.0,Urban,Y
Female,Yes,0,Graduate,Yes,3937.0,0.0,42.0,360.0,0.0,Rural,N
Male,Yes,0,Graduate,No,2935.0,0.0,34.0,360.0,1.0,Semiurban,N
Female,Yes,0,Not Graduate,Yes,7462.0,0.0,173.0,360.0,1.0,Urban,N
Female,No,1,Graduate,No,7711.0,991.0,144.0,360.0,1.0,Urban,Y
Male,Yes,0,Graduate,No,18308.0,0.0,441.0,360.0,1.0,Rural,Y
Female,Yes,0,Graduate,No,4437.0,0.0,28.0,360.0,1.0,Rural,Y
Female,Yes,0,Graduate,nan,10732.0,0.0,252.0,360.0,1.0,Urban,N
Female,No,0,Graduate,No,2676.0,0.0,79.0,360.0,1.0,Semiurban,Y
Female,Yes,0,Not Graduate,Yes,3709.0,0.0,74.0,60.0,1.0,Semiurban,N
Female,Yes,0,Graduate,No,3475.0,0.0,58.0,84.0,0.0,Urban,N
Female,Yes,1,Graduate,No,3858.0,1377.0,39.0,360.0,1.0,Urban,N
Male,No,0,Not Graduate,No,3152.0,0.0,35.0,360.0,1.0,Semiurban,N
Male,Yes,0,Not Graduate,Yes,3710.0,0.0,54.0,360.0,1.0,Rural,Y
Male,Yes,3,Not Graduate,Yes,4715.0,0.0,76.0,360.0,1.0,Semiurban,Y
Female,Yes,1,Graduate,No,3884.0,3127.0,103.0,360.0,1.0,Urban,N
Male,No,2,Not Graduate,No,6692.0,0.0,37.0,360.0,0.0,Rural,N
Female,Yes,2,Not Graduate,No,4648.0,5624.0,256.0,360.0,1.0,Semiurban,N
Male,Yes,3,Graduate,No,4839.0,0.0,58.0,360.0,1.0,Urban,N
Female,Yes,0,Not Graduate,No,9969.0,0.0,194.0,120.0,1.0,Urban,N
Female,No,0,Graduate,Yes,5651.0,474.0,144.0,360.0,1.0,Urban,N
Female,Yes,3,Graduate,Yes,5224.0,143.0,131.0,360.0,1.0,Semiurban,N
Male,Yes,0,Graduate,No,4797.0,0.0,42.0,360.0,1.0,Urban,N
Female,No,3,Graduate,No,4994.0,0.0,114.0,120.0,1.0,Urban,N
Male,Yes,0,Graduate,No,6413.0,0.0,98.0,360.0,1.0,Rural,Y
Male,Yes,0,Not Graduate,No,3269.0,1648.0,89.0,360.0,1.0,Rural,N
Female,Yes,2,Graduate,No,8486.0,0.0,84.0,360.0,1.0,Semiurban,Y
Female,Yes,0,Not Graduate,No,10459.0,0.0,82.0,360.0,1.0,Rural,Y
Male,Yes,1,Graduate,No,8522.0,125.0,143.0,180.0,1.0,Semiurban,Y
Male,Yes,3,Graduate,nan,3806.0,731.0,105.0,360.0,0.0,Rural,N
Male,Yes,0,Graduate,nan,2220.0,3106.0,71.0,120.0,1.0,Rural,N
Male,Yes,3,Not Graduate,Yes,3910.0,381.0,103.0,360.0,1.0,Semiurban,Y
Male,Yes,0,Graduate,No,5222.0,0.0,100.0,360.0,1.0,Semiurban,N
Female,No,0,Not Graduate,No,7266.0,0.0,39.0,360.0,1.0,Rural,N
Female,Yes,0,Graduate,No,4429.0,0.0,105.0,360.0,0.0,Rural,N
Female,Yes,1,Not Graduate,Yes,4174.0,232.0,32.0,360.0,1.0,Rural,Y
Male,No,0,Not Graduate,Yes,10202.0,1401.0,110.0,360.0,1.0,Urban,N
Male,Yes,2,Graduate,Yes,3489.0,211.0,60.0,360.0,1.0,Urban,Y
Male,Yes,0,Graduate,Yes,8163.0,0.0,194.0,360.0,1.0,Urban,Y
Male,Yes,0,Graduate,No,7545.0,1320.0,79.0,360.0,1.0,Rural,Y
Male,No,0,Graduate,Yes,2525.0,0.0,28.0,360.0,0.0,Rural,N
Female,No,1,Graduate,No,5551.0,0.0,33.0,360.0,1.0,Semiurban,Y
Male,No,2,Graduate,No,3687.0,0.0,25.0,360.0,1.0,Semiurban,Y
Male,Yes,0,Graduate,No,3044.0,0.0,41.0,360.0,1.0,Urban,N
Female,Yes,1,Graduate,No,4790.0,0.0,32.0,60.0,1.0,Rural,N
Male,Yes,1,Graduate,nan,2248.0,0.0,34.0,360.0,1.0,Semiurban,N
Male,Yes,0,Not Graduate,Yes,5934.0,1786.0,46.0,360.0,1.0,Rural,Y
Female,Yes,0,Graduate,No,4005.0,4241.0,112.0,360.0,1.0,Semiurban,N
Female,No,3,Graduate,No,5537.0,3494.0,125.0,360.0,1.0,Semiurban,Y
Male,Yes,0,Graduate,No,2878.0,0.0,68.0,360.0,1.0,Semiurban,N
Female,Yes,3,Graduate,No,4140.0,2954.0,82.0,120.0,1.0,Rural,Y
Male,No,0,Graduate,Yes,4240.0,2519.0,119.0,60.0,1.0,Rural,N
Male,No,0,Graduate,No,2273.0,1473.0,55.0,360.0,1.0,Urban,Y
Female,Yes,0,Graduate,No,2146.0,3183.0,110.0,120.0,1.0,Semiurban,N
Male,No,0,Graduate,No,6010.0,0.0,103.0,360.0,1.0,Rural,Y
Male,Yes,0,Not Graduate,nan,5206.0,0.0,129.0,360.0,1.0,Semiurban,Y
Female,No,0,Graduate,No,3067.0,84.0,56.0,120.0,1.0,Rural,Y
Female,Yes,0,Graduate,No,4790.0,0.0,55.0,360.0,1.0,Semiurban,N
Male,Yes,1,Graduate,nan,6701.0,1.0,90.0,60.0,1.0,Rural,Y
Female,Yes,0,Graduate,No,11878.0,1258.0,291.0,360.0,1.0,Urban,N
Male,Yes,0,Not Graduate,No,3136.0,0.0,39.0,360.0,1.0,Urban,N
Female,Yes,0,Graduate,No,6552.0,447.0,165.0,84.0,1.0,Urban,N
Male,No,3,Graduate,No,13671.0,210.0,192.0,84.0,1.0,Semiurban,Y
Male,No,0,Graduate,No,5003.0,456.0,130.0,360.0,1.0,Urban,Y
Male,Yes,2,Graduate,No,9939.0,786.0,86.0,360.0,1.0,Rural,N
Female,Yes,0,Not Graduate,No,1365.0,380.0,36.0,180.0,1.0,Rural,Y
Male,Yes,2,Graduate,Yes,9850.0,343.0,142.0,360.0,1.0,Urban,Y
Female,Yes,0,Graduate,No,4819.0,0.0,46.0,84.0,1.0,Rural,N
Female,Yes,0,Graduate,No,1932.0,3631.0,94.0,360.0,1.0,Semiurban,Y
Female,No,1,Not Graduate,nan,7097.0,19.0,44.0,60.0,1.0,Rural,Y
Male,Yes,3,Graduate,No,8100.0,318.0,76.0,360.0,1.0,Urban,Y
Female,Yes,0,Not Graduate,No,8757.0,0.0,192.0,360.0,1.0,Rural,Y
Female,Yes,0,Not Graduate,Yes,8718.0,3137.0,183.0,360.0,1.0,Urban,Y
Female,Yes,0,Graduate,No,4773.0,0.0,56.0,360.0,1.0,Semiurban,Y
Male,Yes,2,Graduate,No,3357.0,1509.0,38.0,360.0,1.0,Urban,Y
Male,Yes,0,Not Graduate,No,3864.0,4010.0,65.0,360.0,1.0,Urban,N
Male,Yes,0,Graduate,No,4762.0,7400.0,117.0,120.0,1.0,Urban,Y
Male,No,1,Graduate,No,5910.0,4064.0,142.0,360.0,1.0,Semiurban,Y
Female,Yes,2,Graduate,No,3826.0,0.0,21.0,360.0,1.0,Semiurban,N
Male,Yes,1,Graduate,No,4960.0,0.0,45.0,120.0,1.0,Semiurban,N
Male,No,0,Not Graduate,No,7444.0,4661.0,164.0,360.0,1.0,Semiurban,N
Male,Yes,0,Not Graduate,Yes,5681.0,4066.0,221.0,60.0,1.0,Rural,N
Male,Yes,0,Graduate,No,14913.0,2502.0,389.0,360.0,1.0,Rural,Y
Male,No,0,Graduate,nan,13948.0,2379.0,387.0,360.0,1.0,Semiurban,Y
Female,No,3,Not Graduate,Yes,2759.0,706.0,33.0,180.0,1.0,Urban,N
Male,Yes,0,Graduate,Yes,3667.0,94.0,28.0,360.0,1.0,Semiurban,N
Male,No,0,Not Graduate,No,2549.0,3525.0,134.0,84.0,1.0,Semiurban,N
Female,No,2,Graduate,No,2736.0,4571.0,139.0,120.0,1.0,Urban,Y
Male,Yes,3,Graduate,No,6331.0,0.0,63.0,120.0,1.0,Urban,N
Male,Yes,2,Not Graduate,No,2977.0,2800.0,79.0,360.0,0.0,Urban,N
Female,Yes,0,Graduate,No,2898.0,0.0,68.0,360.0,1.0,Semiurban,Y
Male,No,0,Graduate,No,4243.0,0.0,91.0,360.0,1.0,Urban,Y
Female,Yes,1,Graduate,No,7174.0,1038.0,195.0,360.0,1.0,Semiurban,N
Male,No,1,Not Graduate,No,4069.0,3691.0,115.0,360.0,0.0,Semiurban,N
Male,Yes,2,Not Graduate,No,4065.0,0.0,36.0,60.0,1.0,Urban,Y
Male,No,3,Graduate,Yes,7602.0,2709.0,163.0,360.0,1.0,Urban,N
Male,Yes,3,Graduate,No,6106.0,0.0,44.0,360.0,1.0,Rural,Y
Male,Yes,0,Graduate,No,6059.0,2477.0,63.0,360.0,1.0,Semiurban,Y
Male,Yes,1,Graduate,Yes,7714.0,681.0,57.0,360.0,1.0,Urban,N
Female,Yes,0,Graduate,No,2947.0,0.0,30.0,360.0,1.0,Semiurban,N
Male,No,1,Graduate,nan,5384.0,0.0,45.0,360.0,1.0,Semiurban,Y
Male,Yes,0,Graduate,No,4790.0,0.0,36.0,360.0,1.0,Urban,N
Female,Yes,0,Graduate,No,8019.0,2750.0,204.0,84.0,1.0,Semiurban,Y
Male,No,0,Not Graduate,No,7230.0,0.0,133.0,360.0,1.0,Urban,N
Male,Yes,0,Graduate,nan,2900.0,113.0,20.0,120.0,1.0,Semiurban,Y
Male,Yes,0,Graduate,No,9344.0,0.0,207.0,360.0,1.0,Rural,Y
Female,Yes,2,Graduate,Yes,2728.0,1417.0,89.0,360.0,1.0,Urban,N
Female,Yes,0,Graduate,Yes,8605.0,1934.0,252.0,180.0,1.0,Urban,Y
Female,No,0,Graduate,No,5357.0,0.0,50.0,360.0,1.0,Urban,Y
Female,Yes,1,Graduate,Yes,3156.0,1820.0,98.0,360.0,1.0,Semiurban,N
Male,Yes,1,Not Graduate,nan,2795.0,817.0,58.0,360.0,0.0,Urban,N
