study_hours,attendance_percent,previous_scores,sleep_hours,extracurricular,parental_education,internet_access,actual_final_score,predicted_LinearRegression,predicted_DecisionTree,predicted_RandomForest
0.0,81.95,100.0,8.53,1,0,1,73.1,67.68908186742266,71.80000000000001,70.96429489932726
5.46,65.7,61.8,7.37,1,2,1,61.4,66.57741427901513,68.35000000000001,65.70478505319589
5.67,83.0,92.0,5.25,1,2,1,85.4,78.9887505410284,73.56875000000002,74.70100792356553
5.4,85.2,69.9,8.17,0,1,1,80.0,73.71624946119113,73.56875000000002,73.2507613016676
3.8,65.9,68.4,6.23,0,0,1,63.3,60.24199258239299,64.64893617021278,62.56746144761931
4.56,79.5,53.5,8.75,1,0,0,65.6,60.334988475858076,59.89803921568626,60.6232395824683
3.32,87.7,53.7,8.16,1,1,1,63.1,64.94175015277665,68.42608695652176,64.72242283935105
0.85,84.0,67.9,5.74,0,0,0,50.2,51.82729503863275,68.49350649350652,61.74695822206611
7.0,77.3,88.5,6.73,1,2,1,90.3,81.43234573817458,73.56875000000002,76.96560502393879
6.65,91.3,57.6,6.72,0,1,1,71.1,73.62129874915483,75.35882352941178,74.43852631847575
6.09,92.0,54.6,5.79,1,0,0,54.2,65.24650009639412,66.43500000000002,70.8135102676964
5.03,65.2,49.0,4.52,0,0,0,54.9,50.46718976456259,51.15,59.552515266014105
3.93,81.0,49.3,7.43,0,2,1,54.7,62.44259075110007,55.58,60.93750155541304
3.58,77.1,65.0,8.52,1,1,1,70.3,66.2580147023766,59.89803921568626,62.06326731888873
4.37,80.8,49.7,6.58,0,1,1,67.5,61.873839275114356,55.58,58.53927237192057
4.78,100.0,70.9,7.68,1,2,0,80.2,72.8066823693455,68.49350649350652,71.11258239821032
8.76,72.9,45.3,8.68,0,0,1,75.1,71.39722297197649,72.45384615384613,70.86871152218065
0.49,83.8,68.3,6.2,1,0,1,54.5,57.53516952363054,60.95555555555555,62.379260293093175
2.43,77.0,76.9,9.87,1,1,0,62.0,62.97592403591413,54.58571428571429,63.336709395189544
7.41,85.5,98.1,7.84,1,3,1,96.7,89.9298583773732,89.675,86.62630745667764
6.93,100.0,81.3,5.93,1,1,1,78.7,84.08631900861499,75.35882352941178,78.75755763122281
7.63,90.9,81.0,6.39,1,0,1,83.5,82.79190499338023,89.675,83.45123516249637
5.04,86.7,66.3,7.32,1,0,1,65.5,71.22331550870398,75.35882352941178,72.2327891306647
6.76,49.0,83.9,7.04,1,1,0,71.8,65.26260456508304,73.56875000000002,68.22443923163908
4.19,67.8,67.5,5.9,1,0,1,66.1,62.13357023560557,64.64893617021278,61.33332882284867
8.78,86.8,46.7,4.82,1,1,1,79.3,73.57259873859167,62.0,67.91490249284891
4.02,80.2,74.8,5.49,0,1,1,59.3,67.06528795984168,68.49350649350652,66.73618999745032
2.27,46.5,63.6,6.68,0,0,1,46.8,49.431240593101336,51.73333333333334,54.4858340764556
8.1,60.6,62.4,7.89,1,1,1,69.8,72.00802502616533,75.91666666666667,73.13845234756391
1.6,63.8,52.2,8.14,0,3,1,63.1,53.605126878750006,51.73333333333334,54.75865955705416
6.51,69.7,58.1,5.92,0,1,1,72.4,66.1011735356335,68.35000000000001,67.95704161411432
5.75,80.8,54.1,7.79,1,0,0,56.0,63.042265227595855,66.43500000000002,64.68133492646824
3.99,85.5,74.0,6.01,1,1,1,57.8,69.80003255169261,68.49350649350652,68.25938843813839
2.0,89.6,61.2,8.19,0,1,1,63.0,63.330113804332704,58.10487804878048,61.10994935207827
5.8,78.0,61.9,6.63,1,2,1,73.9,70.36601723391274,68.35000000000001,70.46805663949418
4.19,56.6,82.6,6.23,0,0,0,61.0,57.56657914633077,61.325,62.791328972738384
6.4,74.5,83.0,8.02,1,0,1,76.8,76.99841267279184,73.56875000000002,74.91259529546396
5.56,81.95,57.0,7.55,1,1,0,68.1,64.35850514524712,68.35000000000001,65.25099675468812
6.49,85.9,58.4,5.11,0,1,0,70.8,64.86724265279662,68.35000000000001,67.48714112092642
6.88,92.1,62.1,10.0,1,1,1,84.2,80.31539441150142,75.35882352941178,75.38279665670788
10.33,92.4,66.7,7.62,1,0,1,84.0,87.54878565563757,82.4,81.46128494310095
3.76,67.1,55.4,5.43,1,0,1,55.8,56.64370202806927,59.89803921568626,60.46168087281993
1.94,70.0,81.8,6.7,0,2,0,61.8,57.55039071757561,54.58571428571429,63.04224716906529
6.0,79.2,81.9,7.03,0,1,1,79.7,75.88127808757726,73.56875000000002,74.79273455174494
3.65,100.0,37.2,5.8,1,1,1,62.0,61.97343018940026,60.95,56.41984486955852
3.61,93.6,67.9,7.97,1,0,1,76.7,70.62825657107288,68.49350649350652,71.61513231250551
1.54,91.4,64.0,5.46,1,2,1,62.0,62.27531763040712,58.10487804878048,61.865068444316314
3.46,89.2,62.3,5.23,1,1,1,66.5,65.13053194461592,68.42608695652176,62.768468364774755
3.23,75.0,81.2,6.46,1,2,0,73.5,62.96448134829803,54.58571428571429,64.87926421217435
1.37,81.95,53.0,5.82,0,3,1,59.8,56.08662439072966,58.10487804878048,56.986529459523034
6.53,81.3,67.4,6.95,0,1,1,61.0,73.50677045493623,68.35000000000001,72.36826468650577
1.05,69.1,62.5,6.4,1,2,1,60.9,54.91262178771752,51.73333333333334,54.74553262203773
1.27,66.6,74.1,7.13,1,1,1,56.1,58.143372172792944,57.477777777777774,57.41403248625616
0.12,74.1,61.0,8.62,1,0,1,52.5,54.123594722308326,51.73333333333334,53.01516681863712
3.16,82.7,64.5,5.57,1,1,1,61.9,63.42310980064537,59.89803921568626,60.7048949886432
4.9,77.1,58.5,7.87,1,2,1,70.4,68.02460040493665,68.35000000000001,65.7988657937273
6.63,77.1,74.9,6.06,0,0,1,78.6,72.91514457424361,73.56875000000002,73.59383701154522
2.47,98.6,84.4,6.2,1,2,1,76.0,73.81267427203437,68.49350649350652,71.0002413858528
4.49,83.6,56.5,4.31,1,2,1,64.9,64.3692182713759,59.89803921568626,62.83178821126783
4.19,93.1,51.2,4.45,1,0,1,54.8,63.19846254461881,60.95,60.810089542597716
7.37,56.0,70.8,7.96,1,2,1,71.7,72.14943945855994,92.1,76.19382066052992
1.51,79.7,65.2,7.51,1,2,1,60.1,61.31623886221432,58.10487804878048,59.31585133437579
5.14,80.6,47.3,5.32,0,1,1,57.4,61.78496759306389,51.15,62.5658936898231
3.83,65.7,65.5,7.32,0,1,1,56.9,61.467382718195516,59.89803921568626,59.78809211515947
3.32,84.4,65.9,5.52,0,0,1,56.4,62.930645374021964,59.89803921568626,63.58904096281654
3.31,86.9,66.9,6.81,1,0,1,69.5,66.26607719094926,68.49350649350652,65.80704852058766
4.64,93.6,54.6,7.86,0,3,1,73.8,71.024375048942,68.42608695652176,69.63518113909039
4.09,93.3,75.0,5.86,1,1,1,74.4,72.52131227993239,68.49350649350652,68.21305532123237
5.04,99.7,47.0,7.23,0,2,1,74.5,70.07101370944065,66.43500000000002,68.6320403421825
3.56,96.9,56.9,6.94,1,1,1,56.0,67.9425226853254,68.42608695652176,64.32765264878904
4.18,100.0,54.6,7.1,0,1,1,73.4,69.1032486448137,68.42608695652176,66.33718113303149
3.73,100.0,69.1,7.41,1,2,1,72.5,74.35815151862414,68.49350649350652,70.52327088104298
4.25,87.4,47.6,8.18,1,0,1,63.5,64.66577677200713,60.95,65.26322792672846
2.87,77.4,64.7,6.93,0,2,1,65.4,62.585266027504794,59.89803921568626,61.73074823616198
3.69,100.0,52.5,8.14,1,2,0,72.6,64.88921719826128,68.42608695652176,68.69643348774562
4.17,91.9,58.4,8.15,0,1,0,62.0,63.752117030672665,68.42608695652176,69.70565188234407
7.46,71.7,72.3,5.9,1,1,1,66.8,74.3743475871425,75.91666666666667,75.81885719085581
2.94,66.1,63.6,7.46,1,1,1,55.5,59.69593541643427,59.89803921568626,58.486617323776294
1.94,59.5,67.6,6.17,0,1,1,60.2,53.92772240364209,64.64893617021278,57.132606943996095
5.6,96.9,53.9,9.44,0,1,1,70.7,74.33732611397915,66.43500000000002,73.34393050216394
1.74,88.7,68.1,4.64,0,0,1,61.3,59.66789783984321,68.49350649350652,64.59918915027339
6.18,80.9,62.2,4.69,0,0,1,69.9,67.54632928741528,68.35000000000001,70.40818015540023
2.66,90.7,67.0,7.23,0,0,1,69.2,65.23083194361529,68.49350649350652,65.52070278336713
4.82,79.3,70.5,7.08,1,0,1,66.3,69.42663134232102,73.56875000000002,70.05816674970391
4.7,73.9,78.7,6.8,1,2,1,74.9,71.40330870486225,64.64893617021278,67.21150979478027
6.29,73.6,57.2,7.53,1,1,1,64.2,69.07165657072238,68.35000000000001,68.93445118448109
4.59,53.9,40.9,5.52,0,2,1,56.2,51.5606303555447,55.58,51.742734044310026
5.27,84.7,37.6,7.28,0,1,1,63.1,62.59586197932663,58.733333333333334,62.45074856531165
5.27,77.6,55.4,4.7,0,2,1,60.9,63.864157514920976,51.15,64.42617376629113
1.85,81.95,58.0,6.64,1,2,1,60.5,59.79464763431207,58.10487804878048,57.001911423385884
5.9,86.3,52.9,6.65,0,1,1,71.8,68.6434875562856,66.43500000000002,68.6904968560436
2.07,84.5,70.5,7.77,0,0,1,57.7,63.4419801781065,68.49350649350652,66.23680356084705
1.01,80.2,86.3,6.51,0,3,1,72.2,65.30466415377799,68.49350649350652,65.78383887473017
5.42,91.0,79.5,6.13,1,3,0,74.9,73.60309988039722,75.35882352941178,75.6677680302564
2.42,89.9,97.8,5.71,0,0,1,69.3,71.89091849573528,81.64000000000001,75.58958211192994
1.13,81.9,74.2,6.45,0,2,1,49.7,61.57117901152871,68.49350649350652,63.79431916597453
2.55,88.0,57.6,6.86,1,1,1,60.1,62.71091872576074,58.10487804878048,60.1560814941272
8.07,65.5,47.2,6.01,0,2,1,68.4,66.7570009644167,72.45384615384613,70.34656735943715
3.56,85.3,61.5,6.27,1,2,1,64.8,66.01670737393411,68.42608695652176,63.83736501959623
4.52,63.2,74.8,7.15,0,0,1,58.4,64.28761038553407,64.64893617021278,65.29795722290442
8.04,98.4,74.4,6.31,0,3,1,87.2,85.78937051533173,82.4,85.13454188595868
4.24,67.8,74.9,8.06,0,1,1,69.2,66.80808062293542,64.64893617021278,63.9191399990476
2.51,71.7,100.0,3.95,0,3,1,69.0,68.09593893984194,64.64893617021278,67.70266612663532
2.45,78.2,80.7,6.52,0,0,1,74.3,64.26994770592987,68.49350649350652,67.72782285562747
3.65,81.9,79.8,4.16,1,0,1,60.4,66.64994790322395,68.49350649350652,69.43483105406484
0.4,82.0,66.4,8.33,0,2,1,73.1,59.367561611643325,60.95555555555555,60.31190692321859
3.36,85.3,38.4,4.7,0,1,1,65.6,55.072517638262056,60.95,53.98334014430703
5.18,70.7,100.0,5.96,0,1,1,65.7,75.39490275986796,73.56875000000002,69.75976667162796
2.74,91.1,65.6,7.88,0,1,1,70.8,66.7359503878225,68.42608695652176,65.10005937790683
2.86,100.0,63.7,9.08,0,2,1,75.6,71.32632035856184,68.42608695652176,67.25408100341288
3.78,88.3,42.9,6.65,0,1,1,50.3,60.56580015627621,60.95,59.13474604805844
5.19,100.0,61.1,9.33,1,1,1,67.9,77.1010797846993,75.35882352941178,78.42194125619682
2.11,68.9,55.4,6.67,0,1,1,49.1,54.07866316979888,51.73333333333334,55.02578172837896
6.26,79.6,69.3,5.63,0,3,0,70.9,67.96243979649346,68.35000000000001,67.50808270306618
4.31,66.8,71.3,7.23,1,1,1,61.4,65.62660614842136,64.64893617021278,62.65247877465218
5.37,73.0,56.3,6.02,0,2,1,62.4,64.47650007469147,66.43500000000002,66.24097033286533
2.72,75.3,65.7,7.09,0,0,1,54.5,60.27315863301395,59.89803921568626,60.710867740201046
5.29,94.3,54.5,7.03,0,2,1,70.2,71.15865389900893,66.43500000000002,70.86866402342035
3.83,86.5,79.4,5.07,0,2,0,63.2,65.02373814604135,68.49350649350652,69.63836552354387
3.19,82.0,66.3,8.37,0,0,1,63.8,65.10278090806739,68.49350649350652,63.10711347666161
4.63,95.6,55.8,6.95,1,2,1,73.6,70.98707588832029,68.42608695652176,66.65060200654489
5.05,89.4,52.9,6.05,0,3,0,56.5,63.189796214212905,66.43500000000002,70.31409084616125
7.7,98.4,74.1,7.52,1,2,1,90.1,86.14140258949926,82.4,85.16357568153347
2.46,58.8,60.9,5.18,1,1,1,47.3,52.94092024960432,51.73333333333334,55.55264475241831
6.33,67.2,35.7,4.63,0,1,1,52.4,56.773090811167684,51.15,62.63160945249301
4.01,65.5,72.1,6.77,0,3,0,51.8,59.821186881621,54.58571428571429,58.204937590129404
5.0,99.7,51.0,8.92,0,2,1,69.9,73.00573475809415,66.43500000000002,71.75006384419115
5.36,49.9,81.2,9.17,0,2,1,68.3,68.4659631833147,73.56875000000002,71.56934687328
4.81,69.1,61.9,6.28,0,1,1,65.2,62.89344308805339,59.89803921568626,61.64498743496446
2.76,100.0,70.0,6.23,0,2,0,65.3,64.62632050580075,68.49350649350652,64.75259125135628
2.7,71.8,67.1,10.0,0,1,1,61.1,63.65734041992521,64.64893617021278,61.5852649135726
5.09,100.0,41.7,7.44,1,1,1,64.8,68.97119718695198,66.43500000000002,68.83333829699224
3.18,93.4,49.6,5.65,0,2,0,50.3,57.0618734632618,60.95,58.97666879831077
3.58,85.9,79.6,7.0,1,0,1,66.5,70.69495277365817,68.49350649350652,74.38175652430162
6.23,89.2,74.0,7.89,1,1,1,77.9,78.9602897277786,75.35882352941178,76.25030557518261
9.34,70.0,86.0,8.29,0,2,1,96.8,85.58399747217848,75.91666666666667,82.42897202868488
5.78,91.7,83.1,4.91,0,2,1,83.8,77.92808151666563,75.35882352941178,76.17108941635561
6.16,83.2,82.9,6.62,1,0,1,82.5,77.38088004748136,73.56875000000002,76.09806848191484
3.83,80.3,72.4,7.06,1,1,1,70.7,68.49490157059194,68.49350649350652,67.6044303674187
1.91,85.6,74.4,5.01,1,2,1,58.7,64.15908557887002,68.49350649350652,65.1133004215184
1.85,99.3,35.4,7.87,0,2,1,50.9,58.632384621897614,50.79333333333334,53.82197004106466
3.6,92.5,59.3,8.33,0,1,1,62.6,68.06740363665864,68.42608695652176,68.42762981218443
5.66,91.6,67.4,8.28,0,1,1,83.0,75.68882934832016,75.35882352941178,76.43420221756321
4.19,78.0,72.3,5.8,0,0,1,62.6,65.5793535167339,68.49350649350652,67.14491062536302
3.87,67.1,67.9,6.34,1,2,1,62.7,63.42724700957764,64.64893617021278,62.95727169028595
2.27,81.4,60.4,5.39,1,0,1,57.9,58.348986445830946,58.10487804878048,57.983761138714044
7.1,83.2,57.6,7.12,1,0,1,75.5,72.88854262033442,68.35000000000001,72.33599866910578
1.36,100.0,56.3,5.62,1,2,1,66.1,62.22299303327539,58.10487804878048,60.52024109065207
7.84,80.7,75.1,5.63,0,1,1,75.3,77.69901844808577,75.91666666666667,76.90475756192262
6.8,89.9,77.7,8.65,0,0,1,93.4,80.8423055225264,75.35882352941178,77.86656610712222
1.51,74.0,83.4,8.44,1,1,0,56.0,59.9968482341098,54.58571428571429,59.708037402243235
6.0,86.1,84.0,7.17,0,0,1,70.7,77.83281321550393,73.56875000000002,75.58631687610347
1.26,70.8,80.7,7.5,1,3,1,72.0,63.500551967383274,57.477777777777774,61.205298829788816
2.31,82.4,72.6,7.92,0,2,1,68.8,66.01208238524384,68.49350649350652,66.77345686145021
7.76,96.3,76.6,7.99,0,1,1,79.0,85.14830556781746,82.4,81.3087438643252
7.72,71.0,73.2,8.6,0,0,1,81.8,76.29252983201508,75.91666666666667,76.91294513062117
6.55,100.0,55.3,8.13,1,0,1,72.5,76.8236274458605,72.45384615384613,75.34511435895399
4.7,98.4,77.2,6.28,0,0,1,84.2,74.99860773510221,68.49350649350652,70.53549517838876
4.33,86.8,68.0,3.89,1,0,1,61.6,66.10891345032168,68.49350649350652,69.00022471066937
6.07,83.3,71.2,7.92,0,1,1,78.3,75.0632075465145,73.56875000000002,73.8897776427071
