Gender,Married,Dependents,Education,Self_Employed,LogTotalIncome,LogLoanAmount,Loan_Amount_Term,Credit_History,Property_Area,DebtToIncomeRatio,HasCoapplicant,actual,predicted
0,0,0,0,2,9.023649282664286,4.219507705176107,360.0,0.0,2,0.00807520790647222,1,0,0
1,0,2,0,0,8.502282578680484,4.477336814478207,84.0,1.0,2,0.01766138855054811,0,0,1
1,1,0,0,2,8.580543506917,4.276666119016055,120.0,1.0,0,0.01332832738877417,1,0,1
0,0,1,1,0,8.478660241699453,4.382026634673881,60.0,1.0,0,0.01642070255664103,0,1,1
1,1,0,1,1,8.532278828834277,4.736198448394496,120.0,1.0,1,0.022261623325453114,0,0,0
1,1,1,0,2,9.466067273186413,5.3612921657094255,360.0,1.0,0,0.016416292395849467,1,1,1
0,1,0,0,0,8.153637486385282,4.07753744390572,84.0,0.0,2,0.01668584579976985,0,0,0
1,0,2,0,1,7.265429723253953,3.4657359027997265,360.0,1.0,1,0.021678321678321677,0,1,0
1,0,2,0,0,8.636219897837877,4.394449154672439,360.0,1.0,2,0.014204545454545454,0,1,1
1,0,2,1,0,8.560635749259074,3.7376696182833684,360.0,1.0,2,0.007851397931826886,1,1,0
1,0,0,1,0,9.113499020526627,4.762173934797756,360.0,1.0,1,0.012779552715654952,1,1,1
0,0,1,0,0,8.62191350218664,3.5263605246161616,360.0,1.0,1,0.005943804034582133,0,1,1
1,1,2,1,0,8.481980435660493,4.1588830833596715,360.0,1.0,2,0.01305158483530143,1,1,0
1,0,0,0,0,7.668093709082406,3.9318256327243257,360.0,1.0,2,0.02337540906965872,1,0,0
1,1,2,0,0,8.479491324232226,3.5553480614894135,360.0,1.0,2,0.007061266874350987,0,0,0
0,0,2,0,1,8.157657015196472,4.343805421853684,360.0,1.0,1,0.02177650429799427,0,1,1
0,1,0,0,0,9.284519770150434,5.3230099791384085,84.0,1.0,1,0.01894150417827298,1,1,1
0,1,0,0,0,8.411165786770708,4.127134385045092,360.0,1.0,2,0.013564598621303091,1,0,0
1,1,3,0,0,8.29529885950246,4.499809670330265,360.0,1.0,2,0.022222222222222223,0,0,0
1,1,2,0,0,9.137447046455858,5.262690188904886,360.0,1.0,0,0.020651823168764117,0,0,1
0,1,0,0,0,7.764720544771477,3.58351893845611,60.0,0.0,0,0.014855687606112054,1,1,0
1,0,2,0,0,8.425077902508432,3.8066624897703196,360.0,1.0,1,0.009649122807017544,1,0,1
0,1,0,0,0,9.080459451121662,5.017279836814924,360.0,1.0,2,0.017080391710316556,0,1,1
0,0,1,1,0,9.992744448127352,5.3981627015177525,360.0,1.0,0,0.010060716423616532,0,1,1
0,0,1,0,0,9.509703949201802,5.720311776607412,120.0,1.0,0,0.022535211267605635,0,1,1
1,0,2,0,1,8.92052268739398,4.653960350157523,180.0,1.0,0,0.01389631213254944,1,1,1
0,1,1,1,1,8.094073148069352,4.406719247264253,180.0,1.0,0,0.024732824427480916,0,1,0
1,0,0,1,0,8.632484235750972,3.871201010907891,360.0,1.0,2,0.008376403493138477,1,1,0
0,0,0,0,2,8.205491613120236,3.8066624897703196,360.0,1.0,1,0.012018574160065555,1,1,1
0,1,0,0,0,8.554874258383926,4.74493212836325,360.0,1.0,0,0.021956856702619414,0,1,1
1,0,2,1,1,9.146761390333312,4.382026634673881,360.0,1.0,0,0.008418584825234441,0,0,1
0,0,0,0,0,9.38353709043758,5.4510384535657,360.0,1.0,1,0.01951055420065596,0,1,1
1,0,2,1,1,7.979681302387741,4.1588830833596715,360.0,1.0,1,0.02156795617939062,0,0,0
1,1,2,0,0,7.983781068977451,4.382026634673881,60.0,0.0,0,0.026934878963518583,0,0,0
1,0,0,0,0,9.037771106624906,4.31748811353631,180.0,1.0,1,0.008793820558526441,0,0,1
1,1,3,0,0,8.74909824839902,4.382026634673881,360.0,1.0,1,0.01252973830293418,1,1,1
1,1,3,0,0,9.320986892063246,5.3471075307174685,360.0,1.0,1,0.01871083258728738,0,1,1
0,1,0,0,0,8.243282523048375,4.0943445622221,360.0,1.0,1,0.01551814834297738,0,0,0
1,0,1,0,1,9.141633173966392,4.382026634673881,360.0,1.0,2,0.008461868037703513,1,0,1
1,1,0,1,0,8.474494436883122,4.584967478670572,360.0,1.0,2,0.020246295136714672,0,0,0
1,0,0,0,0,8.212025804623437,4.382026634673881,180.0,1.0,2,0.021438263229308006,0,0,0
1,0,2,1,0,8.682538124003075,4.68213122712422,360.0,1.0,2,0.018138667570774706,0,0,1
1,1,0,0,0,8.58223158759546,3.5263605246161616,180.0,1.0,2,0.006184407796101949,0,0,0
1,0,0,1,0,8.653296274408579,4.499809670330265,360.0,1.0,1,0.015534997381742015,0,0,1
0,1,3,0,2,8.75384509275524,4.804021044733257,360.0,0.0,0,0.01910023677979479,1,0,0
1,0,0,1,0,8.886132618174951,4.897839799950911,360.0,1.0,2,0.018393030009680542,0,0,1
0,0,1,0,0,8.661120360222881,4.127134385045092,120.0,1.0,1,0.010564599930723935,1,0,1
0,0,2,0,0,8.743372131273969,3.6375861597263857,360.0,1.0,1,0.005902057744456851,0,1,1
0,1,1,1,0,8.808518618782816,4.9344739331306915,360.0,1.0,2,0.020624719772829172,1,0,0
1,1,1,1,2,8.19229373114764,4.07753744390572,360.0,0.0,2,0.016053141433711598,1,0,0
0,1,0,0,0,8.433376705323127,4.3694478524670215,180.0,1.0,2,0.016963897346672467,0,1,0
0,1,0,0,0,8.511577452630602,4.060443010546419,360.0,1.0,2,0.011464199517296863,0,1,1
0,0,1,0,2,8.757311846936409,4.02535169073515,360.0,1.0,0,0.008651879817523989,0,0,1
1,1,2,0,2,8.88447171813916,4.430816798843313,360.0,1.0,2,0.011497437318188114,0,1,1
1,0,3,0,1,7.920446505142607,4.143134726391533,120.0,1.0,1,0.022520886305848167,0,0,0
0,1,1,0,0,9.160519676992227,4.836281906951478,360.0,1.0,1,0.01313853268866933,0,1,1
1,0,0,0,0,8.442038517815478,4.59511985013459,360.0,1.0,2,0.02112979732643381,0,0,0
1,1,0,0,1,8.724369949208368,4.248495242049359,360.0,1.0,0,0.011217688180783612,0,1,1
1,1,0,1,0,8.418918622147897,3.828641396489095,360.0,1.0,0,0.009929390997352162,0,0,0
0,1,3,0,0,8.708969906980947,4.919980925828125,360.0,0.0,1,0.022453359749050685,1,0,0
1,0,0,1,1,9.2850767180902,4.90527477843843,360.0,1.0,2,0.012435040831477357,1,0,1
0,0,0,1,1,8.559294367434873,4.3694478524670215,120.0,1.0,1,0.0149568552253116,1,1,1
0,1,0,0,0,7.454141078146678,3.258096538021482,360.0,1.0,1,0.01447596988998263,0,0,0
1,0,3,0,1,9.241063544619024,5.099866427824199,360.0,1.0,2,0.015806826997672614,1,0,1
1,0,0,1,0,7.768110378525988,3.258096538021482,360.0,1.0,2,0.010575296108291032,0,0,0
0,1,3,0,1,8.67368398817567,4.8283137373023015,360.0,1.0,0,0.02120745681546092,1,1,1
0,1,2,0,1,9.243678431586693,4.59511985013459,120.0,1.0,0,0.009478672985781991,1,0,1
0,1,0,1,0,8.948455992345542,4.6913478822291435,360.0,1.0,1,0.014033264033264034,1,1,1
1,1,0,0,0,9.406153835618436,4.770684624465665,120.0,1.0,2,0.009619337334539176,1,1,1
0,1,2,0,0,8.660080678964786,3.7612001156935624,360.0,1.0,2,0.007281553398058253,0,1,1
1,0,0,0,0,7.783640596221253,3.4657359027997265,84.0,1.0,0,0.012911286963765098,0,1,0
0,1,2,1,1,8.536407410340042,4.276666119016055,84.0,1.0,1,0.013929762605454189,0,0,1
0,1,0,1,0,8.592300663903043,3.9512437185814275,360.0,1.0,2,0.009461966604823747,0,1,0
1,1,0,0,0,8.444407421690585,3.332204510175204,120.0,1.0,1,0.005807700580770058,0,0,0
1,1,1,0,0,8.947415950650129,4.624972813284271,360.0,1.0,0,0.01313735691987513,0,0,1
0,1,2,1,0,8.076515327552329,3.258096538021482,120.0,1.0,2,0.007768800497203232,1,0,0
1,1,1,0,0,8.509362612301048,3.828641396489095,120.0,1.0,1,0.009070751864543439,0,0,0
1,1,0,1,0,8.721765357145012,5.0238805208462765,360.0,1.0,1,0.024612876935615324,1,1,0
1,1,0,1,1,8.33423142973486,4.653960350157523,120.0,1.0,2,0.024975984630163303,1,0,0
0,1,2,0,1,8.639587799629844,4.77912349311153,360.0,1.0,0,0.020881259953990445,1,1,1
0,1,3,0,0,8.867145589594143,4.418840607796598,120.0,1.0,0,0.011557434813248767,1,1,1
1,1,2,0,0,9.043931533642278,5.0106352940962555,360.0,1.0,0,0.01759773237274123,1,0,1
1,1,1,0,0,8.19533366716287,3.1354942159291497,360.0,1.0,1,0.006070640176600441,0,1,0
1,1,1,0,1,8.37216741936598,3.970291913552122,360.0,1.0,0,0.012023121387283236,1,1,1
0,1,2,0,0,9.087494541977337,4.912654885736052,360.0,1.0,1,0.015264586160108548,1,1,1
0,1,1,0,0,8.474911799159631,4.3694478524670215,180.0,1.0,0,0.016273732526601293,1,0,1
1,1,0,0,2,8.648396877031582,4.564348191467836,360.0,1.0,2,0.016663743202946852,1,1,1
0,1,0,0,0,8.19836438996762,4.143134726391533,360.0,1.0,1,0.017056396148555707,1,1,0
1,1,1,0,1,8.740816627567298,3.58351893845611,120.0,1.0,2,0.005597313289620982,0,1,1
1,1,3,0,0,7.876258882303226,3.970291913552122,180.0,1.0,1,0.019741837509491267,0,1,0
1,1,1,1,0,7.780303087908373,3.871201010907891,360.0,1.0,1,0.01964061847053907,0,0,0
1,1,0,0,0,8.750841375375533,4.983606621708336,360.0,1.0,1,0.022957568081063966,1,1,0
1,1,0,1,0,8.24117615049496,4.07753744390572,360.0,1.0,2,0.015287295730100159,0,1,0
1,0,0,1,0,8.056109659545061,3.58351893845611,360.0,1.0,1,0.011100539169045354,0,0,0
0,1,1,0,0,8.42222295382501,3.8501476017100584,60.0,1.0,0,0.010116560369474378,0,1,1
0,0,1,1,0,8.804325112562537,4.477336814478207,360.0,1.0,2,0.013057181449797388,1,1,1
1,1,1,1,0,8.737292112544221,4.983606621708336,180.0,1.0,2,0.023270743058899052,1,1,0
1,1,2,0,0,9.34233308143468,5.327876168789581,360.0,1.0,1,0.0179651213741127,0,1,1
1,1,0,0,0,8.560827228436299,4.61512051684126,360.0,1.0,1,0.019146084625694046,0,0,0
1,1,0,0,1,8.456168489578463,4.61512051684126,360.0,1.0,2,0.021258503401360544,1,0,0
0,0,0,1,0,8.953122840328222,4.997212273764115,360.0,1.0,2,0.01901189860320745,1,0,1
1,1,0,0,0,8.286521373681236,4.553876891600541,120.0,1.0,0,0.02367758186397985,0,1,0
1,1,1,0,0,8.071843149609158,4.07753744390572,360.0,1.0,2,0.01810802372775523,0,0,0
1,1,0,1,1,8.82893352896109,4.1588830833596715,360.0,1.0,2,0.00922536242495241,0,0,1
0,1,2,0,0,8.59007183682881,3.9889840465642745,84.0,1.0,0,0.009854964670881369,1,1,1
1,1,0,0,0,8.696677393390031,4.553876891600541,84.0,1.0,2,0.015711181681430722,1,0,0
0,1,1,0,0,9.027378610294805,5.278114659230517,360.0,1.0,2,0.0234149855907781,1,1,1
0,1,0,0,0,8.084254106307318,4.31748811353631,360.0,1.0,0,0.022818378045020044,0,0,0
1,1,0,0,0,7.973155433444133,4.174387269895637,360.0,1.0,0,0.022053756030323914,0,1,0
0,1,3,0,0,8.658692753689937,3.4657359027997265,360.0,1.0,0,0.005381944444444444,1,1,1
0,1,1,0,0,9.065430200180375,3.871201010907891,360.0,1.0,1,0.005432897930875044,0,0,1
1,0,0,1,0,8.334471554600944,4.584967478670572,360.0,1.0,2,0.023289315726290515,1,1,0
1,1,0,1,1,9.184817414745098,5.402677381872279,60.0,1.0,0,0.022671317193270413,1,0,1
1,1,0,1,0,8.474494436883122,5.062595033026967,360.0,1.0,2,0.03276977666457942,0,0,0
0,1,1,0,0,8.472195825485501,4.0943445622221,360.0,1.0,0,0.012343096234309623,1,1,1
1,0,2,1,0,8.450412157725886,3.9889840465642745,360.0,1.0,1,0.011332050459696387,0,0,1
1,1,0,1,2,8.474494436883122,4.927253685157205,360.0,1.0,2,0.028595282821957838,0,0,0
1,0,2,1,0,8.703672758358856,4.430816798843313,360.0,1.0,2,0.013775933609958506,1,0,0
1,0,0,0,1,8.528924114291936,4.430816798843313,360.0,1.0,1,0.01640640442775252,1,0,1
0,1,0,1,0,7.465082736399547,3.6109179126442243,180.0,1.0,0,0.020618556701030927,1,1,0
0,0,2,0,0,7.913886714856082,4.143134726391533,84.0,1.0,1,0.0226691042047532,0,0,0
0,1,3,0,0,8.056743774975313,3.044522437723423,120.0,1.0,2,0.006339144215530904,1,1,0
0,1,2,1,1,8.828494129466652,5.075173815233827,360.0,1.0,2,0.023293290360386756,0,0,1
1,1,0,0,0,8.563122123304638,4.672828834461906,84.0,1.0,2,0.020248328557784145,1,1,0
1,0,0,0,0,8.750841375375533,5.043425116919247,360.0,0.0,2,0.024382520582647244,1,0,0
1,0,0,1,0,8.393894975071744,3.258096538021482,360.0,1.0,0,0.005656108597285068,1,0,0
1,0,0,0,2,8.58839695042257,4.77912349311153,180.0,1.0,1,0.02197802197802198,1,0,1
1,1,0,1,0,8.474494436883122,3.5553480614894135,360.0,1.0,2,0.00709663953245669,0,0,0
1,1,0,0,0,8.183955717304954,3.6109179126442243,120.0,1.0,2,0.010047446274072006,0,0,0
1,1,2,1,1,8.801770448914539,5.0369526024136295,84.0,1.0,2,0.02302136623532952,1,1,0
0,1,0,1,0,9.580316462154043,4.727387818712341,360.0,1.0,2,0.00773640947710161,0,1,1
1,0,2,0,0,8.922258219503062,4.68213122712422,360.0,1.0,2,0.014272375616913432,1,0,1
1,0,2,1,0,8.85552084853691,3.9318256327243257,180.0,1.0,2,0.007129616426636247,1,0,1
1,1,0,0,0,7.965198290612176,4.23410650459726,360.0,1.0,1,0.023619312261201807,0,0,0
1,0,2,1,2,8.491054533806542,3.8066624897703196,360.0,1.0,1,0.009033052761239991,0,1,1
0,0,1,0,0,8.514589805546123,4.02535169073515,180.0,1.0,2,0.011028674553839985,1,0,1
1,0,0,1,0,9.028698584086985,4.770684624465665,360.0,1.0,1,0.014030459287684375,0,0,1
1,1,2,0,0,8.98682175033189,5.187385805840755,360.0,1.0,1,0.02225834688008003,0,1,1
0,1,1,0,0,8.721113147762688,4.897839799950911,180.0,1.0,2,0.021693035393899853,1,0,0
1,0,2,0,0,8.17695386822578,4.060443010546419,120.0,1.0,0,0.016020236087689713,0,1,1
1,1,0,1,1,8.830689198760998,4.04305126783455,360.0,0.0,0,0.00818593772840228,0,0,0
0,1,0,0,0,8.340933226000878,3.2188758248682006,360.0,1.0,1,0.0057251908396946565,1,1,0
1,1,3,0,0,7.840312983320164,3.044522437723423,360.0,1.0,2,0.007870916961826053,1,0,0
1,1,1,0,0,9.065083359319043,4.969813299576001,180.0,1.0,1,0.016535615171137837,1,1,1
1,1,3,0,0,8.340456012916183,4.406719247264253,360.0,1.0,0,0.019331742243436756,0,1,1
1,1,0,1,0,9.378224880972368,5.081404364984463,360.0,1.0,2,0.013527223537368955,1,0,1
1,0,0,0,2,9.141633173966392,5.1298987149230735,360.0,1.0,2,0.017994858611825194,0,0,1
0,0,0,0,0,8.41715183723601,3.8066624897703196,360.0,1.0,1,0.009725906277630416,0,1,1
1,0,0,0,0,7.724004656676065,3.6635616461296463,180.0,1.0,2,0.016799292661361626,0,1,0
0,0,2,0,0,8.636574948436317,4.919980925828125,360.0,0.0,0,0.024139155129570464,1,0,0
0,1,0,0,2,8.157370441186774,3.8918202981106265,360.0,1.0,0,0.013757523645743766,0,1,1
1,0,2,0,0,8.400434630806041,4.672828834461906,360.0,1.0,1,0.023825578781748707,1,0,0
1,1,0,0,1,8.453187861440325,4.584967478670572,360.0,1.0,0,0.02068230277185501,1,0,0
1,1,1,0,0,9.169830828637973,5.030437921392435,84.0,1.0,2,0.01582838696240758,1,1,1
0,1,2,1,0,9.097059685517216,4.736198448394496,360.0,1.0,2,0.012655392541158024,0,1,1
0,0,0,1,0,7.981049759665957,4.127134385045092,360.0,1.0,0,0.020854700854700856,0,1,0
0,1,0,0,0,9.483187955469509,5.676753802268282,360.0,1.0,2,0.02215117606759534,1,0,1
1,1,2,0,0,8.71833650245078,4.844187086458591,360.0,1.0,2,0.020608439646712464,0,1,0
0,1,0,1,1,9.114600099695346,5.19295685089021,360.0,1.0,2,0.019698470342247167,1,1,1
1,1,2,1,0,8.661812881026181,4.382026634673881,360.0,0.0,2,0.013672551055728626,1,0,0
0,1,1,0,0,7.88570539124302,3.044522437723423,360.0,1.0,2,0.00752162467092892,0,1,0
1,1,0,1,2,8.580918882296782,3.6109179126442243,180.0,1.0,1,0.006755488834678176,0,0,1
0,1,0,1,0,9.283683766200392,5.204006687076795,360.0,1.0,1,0.01681999814143667,0,0,1
0,1,2,1,2,8.443977129084978,3.2188758248682006,360.0,1.0,0,0.005164622336991607,0,0,1
1,0,0,0,2,8.589885876809678,3.912023005428146,360.0,1.0,2,0.009112888227636229,1,1,1
0,1,0,1,0,8.992681750892542,4.51085950651685,360.0,1.0,1,0.011188463451019393,1,1,1
0,0,3,0,0,10.030262484096024,4.804021044733257,360.0,1.0,0,0.00532963811757182,1,1,1
0,1,1,0,0,9.992744448127352,4.962844630259907,360.0,1.0,2,0.006493735146152488,0,1,1
1,1,0,0,0,8.58185670474196,4.356708826689592,360.0,1.0,1,0.014435695538057743,1,1,0
0,0,1,1,2,8.87024156729927,3.8066624897703196,60.0,1.0,0,0.0061823802163833074,1,1,1
0,0,2,1,0,8.40827078419205,4.394449154672439,360.0,1.0,2,0.01784121320249777,1,0,0
1,1,0,0,0,8.37655086161377,4.454347296253507,360.0,1.0,0,0.01956721915285451,1,0,0
0,0,1,0,0,8.57376254290413,3.4657359027997265,180.0,0.0,1,0.005859005859005859,1,0,0
1,1,0,0,0,8.69901462316851,4.700480365792417,360.0,1.0,2,0.018175754543938636,1,1,0
0,0,2,0,0,8.37655086161377,3.9512437185814275,360.0,1.0,2,0.011740331491712707,1,1,1
1,1,0,0,0,8.13505390861157,4.007333185232471,120.0,1.0,1,0.015826494724501757,0,0,0
0,1,2,1,0,8.221478947267192,4.3694478524670215,360.0,1.0,2,0.020967741935483872,1,0,0
1,1,0,1,0,8.12651816878071,4.1588830833596715,360.0,1.0,0,0.018622524386639076,0,0,0
0,1,0,0,0,9.603530449208735,5.267858159063328,360.0,1.0,2,0.013025578727137747,1,0,1
0,1,1,0,0,9.1958356857733,5.093750200806762,360.0,1.0,0,0.016436688311688312,1,1,1
